"ms"	"ms_name"	"fund"	"year"	"planned_eu_amount"	"n_3_decommitment_amount"	"de_commitments_at_closure"	"rec_at_closure"	"net_planned_eu_amount"	"cumulative_initial_pre_financing"	"cumulative_additional_initial_pre_financing"	"recovery_of_initial_pre_financing"	"net_initial_pre_financing"	"cumulative_annual_pre_financing"	"annual_pre_financing_covered_by_expenditure"	"pf_covered_by_expenditure_at_closure_clearing"	"recovery_of_annual_pre_financing"	"recovery_of_pf_at_closure"	"net_annual_pre_financing"	"cumulative_interim_payments"	"recovery_of_expenses"	"recovery_of_expenses_at_closure"	"payment_at_closure"	"net_interim_payments"	"total_net_payments"	"eu_payment_rate"	"eu_payment_rate_on_planned_eu_amount"
"1"	"SK"	"Slovakia"	"CF"	2017	4168251427	0	0	0	4168251427	117544690.23	0	0	117544690.23	181214730.77	0	0	78363126.82	0	220396294.18	509207305.17	0	0	0	509207305.17	729603599.35	17.5038289346935	17.5038289346935
"2"	"UK"	"United Kingdom"	"TOTAL"	2020	5861030512	46154833	0	0	5814875679	164281476.84	0	0	164281476.84	727195354.3	120458656.51	0	357955347.73	0	413062826.9	2116652330.26	16432276.13	0	0	2220678710.64	2633741537.54	45.2931701885144	44.9364925186385
"3"	"ES"	"Spain"	"TOTAL"	2018	20681351741	0	0	0	20681351741	638552276.36	0	0	638552276.36	1375171374.83	16000732	0	827751140.28	0	1169971778.91	2993154595.03	77194386.94	0	0	2931960940.09	4101932719	19.8339681582228	19.8339681582228
"4"	"BG"	"Bulgaria"	"CF"	2019	2278307144	0	0	0	2278307144	64248261.45	0	0	64248261.45	219514893.3	16100812.56	0	141842830.18	0	125819512.01	362896234.12	0	0	0	378997046.68	504816558.69	22.1575286729646	22.1575286729646
"5"	"NL"	"Netherlands"	"TOTAL"	2021	730697716	0	0	0	730697716	38552025.45	0	0	38552025.45	78040784.34	14864597.91	0	40989279.6	0	60738932.28	274180564.48	0	0	0	289045162.39	349784094.67	47.8698765591872	47.8698765591872
"6"	"AT"	"Austria"	"TOTAL"	2019	536262079	0	0	0	536262079	15122590.62	0	0	15122590.62	51668851.31	3553012.66	0	33623355.97	0	29615073.3	156442109.88	0	0	0	159995122.54	189610195.84	35.3577482475691	35.3577482475691
"7"	"NL"	"Netherlands"	"TOTAL"	2019	510282703	0	0	0	510282703	14306374.02	0	0	14306374.02	49036857.82	3096002.72	0	32150465.08	0	28096764.04	128338677.3	0	0	0	131434680.02	159531444.06	31.263345420509	31.263345420509
"8"	"MT"	"Malta"	"TOTAL"	2020	573346106	0	0	0	573346106	16979110.17	0	0	16979110.17	74661069.92	12596503.21	0	37861807.8	0	41181869.08	219856855.97	0	0	0	232453359.18	273635228.26	47.7260114608679	47.7260114608679
"9"	"IE"	"Ireland"	"TOTAL"	2022	470775098	0	0	0	470775098	13462894.8	0	0	13462894.8	69924797.59	18673438.85	0	37210976.38	0	27503277.16	427237483.98	7493314.51	0	0	438417608.32	465920885.48	98.9688892762973	98.9688892762973
"10"	"PT"	"Portugal"	"TOTAL"	2017	13638657876	0	0	0	13638657876	448711844.13	0	0	448711844.13	592940651.19	1608346.7	0	254798421.36	0	785245727.26	1823484700.7	0	0	0	1825093047.4	2610338774.66	19.1392642765343	19.1392642765343
"11"	"LT"	"Lithuania"	"CF"	2018	2048917626	0	0	0	2048917626	57779477.04	0	0	57779477.04	142041214.4	9168302.5	0	79908391.28	0	110743997.66	566580757.68	0	0	0	575749060.18	686493057.84	33.505156533804	33.505156533804
"12"	"EE"	"Estonia"	"CF"	2017	1061534677	0	0	0	1061534677	30267677.07	0	0	30267677.07	46662668.82	0	0	0	0	76930345.89	218159574.49	0	0	0	218159574.49	295089920.38	27.7984249383122	27.7984249383122
"13"	"BE"	"Belgium"	"ERDF"	2014	949587368	0	0	0	949587368	8036204.86	0	0	8036204.86	0	0	0	0	0	8036204.86	0	0	0	0	0	8036204.86	0.84628388401224	0.84628388401224
"14"	"FR"	"France"	"ERDF"	2018	8426107776	127002	0	0	8425980774	237689732.43	0	0	237689732.43	584320592.45	17889967.72	0	348548369.95	0	455571987.21	1330845611.61	10313715.24	0	0	1338421864.09	1793993851.3	21.2912170039091	21.2908960933281
"15"	"SI"	"Slovenia"	"TOTAL"	2023	2586473468	0	0	0	2586473468	100469478.51	0	0	100469478.51	418039558.84	110824637.76	0	228358327.01	0	179326072.58	2230163596.85	9306201.74	0	0	2331682032.87	2511008105.45	97.0823067205729	97.0823067205729
"16"	"SK"	"Slovakia"	"ERDF"	2024	7314288321	147316596	0	0	7166971725	295265777.04	0	0	295265777.04	1329415136.76	262326538.41	0	889734931.4	0	472619443.99	6430218739	60445173.82	0	0	6632100103.59	7104719547.58	99.13140193922	97.1348029470166
"17"	"RO"	"Romania"	"TOTAL"	2015	17661077676	0	0	0	17661077676	498042390.51	0	0	498042390.51	0	0	0	0	0	498042390.51	0	0	0	0	0	498042390.51	2.82000000026499	2.82000000026499
"18"	"FR"	"France"	"TOTAL"	2015	8426107776	0	0	0	8426107776	158459821.62	0	0	158459821.62	0	0	0	0	0	158459821.62	0	0	0	0	0	158459821.62	1.88058147168898	1.88058147168898
"19"	"CZ"	"Czechia"	"ERDF"	2017	11940689631	0	0	0	11940689631	336727447.59	0	0	336727447.59	519121481.71	0	0	224484965.06	0	631363964.24	533720824.78	0	0	0	533720824.78	1165084789.02	9.75726549323623	9.75726549323623
"20"	"LU"	"Luxembourg"	"ERDF"	2023	89189782	0	0	0	89189782	11003074.62	0	0	11003074.62	6386663.66	2902451.64	0	1505632.02	0	12981654.62	66370779.13	830013.35	0	0	68443217.42	81424872.04	91.2939466989615	91.2939466989615
"21"	"PT"	"Portugal"	"CF"	2021	2781050224	0	0	0	2781050224	94151317.19	0	0	94151317.19	412050990.99	81258208.83	0	221704602.54	0	203239496.81	1492644436.56	0	0	0	1573902645.39	1777142142.2	63.9018356038147	63.9018356038147
"22"	"IE"	"Ireland"	"TOTAL"	2024	470775098	0	0	0	470775098	13462894.8	0	0	13462894.8	74779010.11	19729107.21	0	47836199.41	0	20676598.29	437862707.01	10805301.49	0	0	446786512.73	467463111.02	99.2964821219155	99.2964821219155
"23"	"NL"	"Netherlands"	"ERDF"	2024	791056051	0	0	0	791056051	47368625.97	0	0	47368625.97	109683026.38	41798836.82	0	60311237.05	0	54941578.48	687037590.9	0	0	0	728836427.72	783778006.2	99.0799583934919	99.0799583934919
"24"	"PL"	"Poland"	"TOTAL"	2021	64879004975	0	0	0	64879004975	1943386912.05	0	0	1943386912.05	9174735397.44	2451786154.8	0	4528755140.49	0	4137581014.2	43093589060.6	103369931.05	0	0	45442005284.35	49579586298.55	76.4185368096423	76.4185368096423
"25"	"SI"	"Slovenia"	"CF"	2024	914046895	0	0	0	914046895	25249444.26	0	0	25249444.26	167875392.35	42326503.67	0	112185585.64	0	38612747.3	840721737.67	7614093.64	0	0	875434147.7	914046895	100	100
"26"	"HU"	"Hungary"	"TOTAL"	2018	16810667329	0	0	0	16810667329	473258257.29	0	0	473258257.29	1163426549.19	46841084.51	0	682765395.49	0	907078326.48	4726561018.92	2375028.29	0	0	4771027075.14	5678105401.62	33.7767995195808	33.7767995195808
"27"	"EE"	"Estonia"	"ERDF"	2019	1861084020	0	0	0	1861084020	52854171.27	0	0	52854171.27	179771456.55	24008044.77	0	105467616.16	0	103149966.89	623527561.74	0	0	0	647535606.51	750685573.4	40.3359313890622	40.3359313890622
"28"	"PL"	"Poland"	"ERDF"	2021	41739074009	0	0	0	41739074009	1288921621.08	0	0	1288921621.08	5821467993	1477364153.89	0	2990162547.08	0	2642862913.11	27679725299.29	103176280.44	0	0	29053913172.74	31696776085.85	75.9402953669154	75.9402953669154
"29"	"FR"	"France"	"ERDF"	2023	11135137721	1961802	0	0	11133175919	547565185.23	0	0	547565185.23	1679878237.13	411363234.88	0	906532535.84	0	909547651.64	8071350316.9	36900423.85	0	0	8445813127.93	9355360779.57	84.0313747634584	84.0165700144554
"30"	"FI"	"Finland"	"TOTAL"	2026	911584250.39	0	0	84064.39	911500186	36354536.76	0	0	36354536.76	145781633.4	59669183.85	52090557.51	70292364.41	84064.39	0	799656380.25	0	0	0	911416121.61	911500186	100	99.9907782094783
"31"	"BE"	"Belgium"	"TOTAL"	2024	1077621364	0	0	0	1077621364	42388295.19	0	0	42388295.19	180713574.01	50464972.27	0	110172408.92	0	62464488.01	936726123.31	2389164.25	0	0	984801931.33	1047266419.34	97.1831530374151	97.1831530374151
"32"	"BE"	"Belgium"	"ERDF"	2018	953009307	0	0	0	953009307	26778362.34	0	0	26778362.34	65918597.65	2107708.7	0	39175599.92	0	51413651.37	104502402.71	0	0	0	106610111.41	158023762.78	16.5815550403644	16.5815550403644
"33"	"LV"	"Latvia"	"CF"	2019	1349414695	0	0	0	1349414695	38053494.39	0	0	38053494.39	130016105.84	16995811.97	0	76552361.75	0	74521426.51	360848913.13	0	0	0	377844725.1	452366151.61	33.5231380898813	33.5231380898813
"34"	"DE"	"Germany"	"TOTAL"	2018	10773842813	0	0	0	10773842813	303822367.17	0	0	303822367.17	746896652.76	19017418.02	0	449375398.13	0	582326203.78	1635230792.47	0	0	0	1654248210.49	2236574414.27	20.7593005865214	20.7593005865214
"35"	"CY"	"Cyprus"	"ERDF"	2023	367214564	0	0	0	367214564	17952476.59	0	0	17952476.59	52497936.28	25943480.13	0	21593171.62	0	22913761.12	318357322.75	0	0	0	344300802.88	367214564	100	100
"36"	"SI"	"Slovenia"	"TOTAL"	2020	2330732258	0	0	0	2330732258	64458524.01	0	0	64458524.01	288337675.72	30274925.57	0	140686875.49	0	181834398.67	1034369700.3	0	0	0	1064644625.87	1246479024.54	53.4801464330186	53.4801464330186
"37"	"HU"	"Hungary"	"CF"	2022	6025427012	0	0	0	6025427012	169917041.73	0	0	169917041.73	991484014.81	12868325.47	0	699519489.47	0	449013241.6	5610018182.67	777203302.59	0	0	4845683205.55	5294696447.15	87.8725513827533	87.8725513827533
"38"	"HU"	"Hungary"	"CF"	2024	6025427012	0	0	0	6025427012	169917041.73	0	0	169917041.73	1057978376.07	53406714.64	0	847683077.75	0	326805625.41	6593570710.92	948356038.97	0	0	5698621386.59	6025427012	100	100
"39"	"UK"	"United Kingdom"	"TOTAL"	2017	5856532225	0	0	0	5856532225	164281476.84	0	0	164281476.84	253267276.84	0	0	109520984.56	0	308027769.12	309042645.41	0	0	0	309042645.41	617070414.53	10.5364470103296	10.5364470103296
"40"	"LV"	"Latvia"	"ERDF"	2018	2401252452	0	0	0	2401252452	67715319.12	0	0	67715319.12	166466826.18	11706215.99	0	92688234.33	0	129787694.98	340954650.14	0	0	0	352660866.13	482448561.11	20.0915385097543	20.0915385097543
"41"	"CZ"	"Czechia"	"TOTAL"	2020	17844214726	0	0	0	17844214726	513229152.96	0	0	513229152.96	2257440118.94	380033559.91	0	1130974034.28	0	1259661677.71	8426545570.18	15959292.83	0	0	8790619837.26	10050281514.97	56.3223524783424	56.3223524783424
"42"	"NL"	"Netherlands"	"TOTAL"	2020	510282703	0	0	0	510282703	14306374.02	0	0	14306374.02	63426830.02	9313440.23	0	32150465.08	0	36269298.73	191573477.49	0	0	0	200886917.72	237156216.45	46.4754566548575	46.4754566548575
"43"	"UK"	"United Kingdom"	"ERDF"	2016	5825584287	0	0	0	5825584287	164281476.84	0	0	164281476.84	109520984.56	0	0	0	0	273802461.4	66689245.36	0	0	0	66689245.36	340491706.76	5.84476491945742	5.84476491945742
"44"	"MT"	"Malta"	"TOTAL"	2016	602096106	0	0	0	602096106	16979110.17	0	0	16979110.17	11319406.78	0	0	0	0	28298516.95	12432976.03	0	0	0	12432976.03	40731492.98	6.76494874723538	6.76494874723538
"45"	"MT"	"Malta"	"ERDF"	2023	379516282	0	0	0	379516282	10838782.71	0	0	10838782.71	69509021.52	18721968.51	0	38536894.56	0	23088941.16	275239941.79	0	0	0	293961910.3	317050851.46	83.5407771674998	83.5407771674998
"46"	"CZ"	"Czechia"	"ERDF"	2023	12848248555	0	0	0	12848248555	712376659.74	0	0	712376659.74	2248771495.71	772933511.64	0	1070933838.95	0	1117280804.86	10566207920.68	16009566.99	0	0	11323131865.33	12440412670.19	96.8257472365657	96.8257472365657
"47"	"DK"	"Denmark"	"ERDF"	2015	206615841	0	0	0	206615841	3884377.82	0	0	3884377.82	0	0	0	0	0	3884377.82	0	0	0	0	0	3884377.82	1.88000000445271	1.88000000445271
"48"	"CZ"	"Czechia"	"TOTAL"	2022	18992194650	0	0	0	18992194650	888878365.11	0	0	888878365.11	3010863827	924628456.24	0	1469945680.47	0	1505168055.4	13399771309.8	15959292.83	0	0	14308440473.21	15813608528.61	83.2637239667823	83.2637239667823
"49"	"CY"	"Cyprus"	"ERDF"	2022	367214564	0	0	0	367214564	17952476.59	0	0	17952476.59	49937205.81	21767838.52	0	18842304.23	0	27279539.65	257529342.74	0	0	0	279297181.26	306576720.91	83.4870811142447	83.4870811142447
"50"	"CY"	"Cyprus"	"CF"	2023	258856192	0	0	0	258856192	10134768	0	0	10134768	51156203.27	19972936.28	0	21746800.61	0	19571234.38	219312021.34	0	0	0	239284957.62	258856192	100	100
"51"	"DE"	"Germany"	"TOTAL"	2021	11935900615	0	0	0	11935900615	433390687.37	0	0	433390687.37	1566948256.07	295221665.66	0	847985689.92	0	857131587.86	5482316726.95	1748307.95	0	0	5775790084.66	6632921672.52	55.5711871811694	55.5711871811694
"52"	"HR"	"Croatia"	"TOTAL"	2015	6881045559	0	0	0	6881045559	129363656.52	0	0	129363656.52	0	0	0	0	0	129363656.52	0	0	0	0	0	129363656.52	1.88000000015695	1.88000000015695
"53"	"AT"	"Austria"	"TOTAL"	2020	536262079	0	0	0	536262079	15122590.62	0	0	15122590.62	66791441.93	4357479.49	0	33623355.97	0	43933197.09	156442109.88	0	0	0	160799589.37	204732786.46	38.1777482461146	38.1777482461146
"54"	"LT"	"Lithuania"	"CF"	2023	2039817626	0	0	0	2039817626	57779477.04	0	0	57779477.04	377581747.83	47708185.15	0	257249253.28	0	130403786.44	1863133911.35	1428256.94	0	0	1909413839.56	2039817626	100	100
"55"	"CY"	"Cyprus"	"TOTAL"	2023	626070756	0	0	0	626070756	28087244.59	0	0	28087244.59	103654139.55	45916416.41	0	43339972.23	0	42484995.5	537669344.09	0	0	0	583585760.5	626070756	100	100
"56"	"SI"	"Slovenia"	"ERDF"	2016	1390392899	0	0	0	1390392899	39209079.75	0	0	39209079.75	26139386.5	0	0	0	0	65348466.25	0	0	0	0	0	65348466.25	4.69999999978423	4.69999999978423
"57"	"MT"	"Malta"	"ERDF"	2019	384353997	0	0	0	384353997	10838782.71	0	0	10838782.71	37032507.59	2604668.5	0	24040672.33	0	21225949.47	112291754.81	0	0	0	114896423.31	136122372.78	35.4158858350574	35.4158858350574
"58"	"LU"	"Luxembourg"	"ERDF"	2022	89189782	0	0	0	89189782	11003074.62	0	0	11003074.62	4602868.02	1266464.38	0	1357823.64	0	12981654.62	37294363.38	830013.35	0	0	37730814.41	50712469.03	56.8590570498311	56.8590570498311
"59"	"RO"	"Romania"	"ERDF"	2022	12376137876	0	0	0	12376137876	868546842.66	0	0	868546842.66	1805977722.57	283353877.8	0	1048475922.14	0	1342694765.29	7162881720.28	11907266.25	0	0	7434328331.83	8777023097.12	70.9189182042044	70.9189182042044
"60"	"HR"	"Croatia"	"ERDF"	2019	4321499588	0	0	0	4321499588	121866288.39	0	0	121866288.39	416376485.36	16587490.86	0	283000468.13	0	238654814.76	1078824528.38	0	0	0	1095412019.24	1334066834	30.8704607471086	30.8704607471086
"61"	"RO"	"Romania"	"CF"	2019	6934996977	0	0	0	6934996977	260755886.36	0	0	260755886.36	668186958.8	45957467.63	0	434811197.85	0	448174179.68	1616163134.42	0	0	0	1662120602.05	2110294781.73	30.4296424169876	30.4296424169876
"62"	"BE"	"Belgium"	"TOTAL"	2026	1077621364	0	0	0	1077621364	42388295.19	0	0	42388295.19	180713574.01	50464972.27	0	110172408.92	0	62464488.01	941179287.42	2389164.25	0	0	989255095.44	1051719583.45	97.596393184536	97.596393184536
"63"	"LT"	"Lithuania"	"ERDF"	2026	3683799188	0	0	0	3683799188	205241059.83	0	0	205241059.83	650736307.51	228092657.73	0	382719611.37	0	245165098.24	3211380277.09	838845.06	0	0	3438634089.76	3683799188	100	100
"64"	"CZ"	"Czechia"	"CF"	2016	6258925722	0	0	0	6258925722	176501705.37	0	0	176501705.37	117667803.58	0	0	0	0	294169508.95	50159973.56	0	0	0	50159973.56	344329482.51	5.50141506392525	5.50141506392525
"65"	"PL"	"Poland"	"TOTAL"	2022	65303824966	0	0	0	65303824966	2495161516.89	0	0	2495161516.89	10477260989.1	3422847244.25	0	4833323125.02	0	4716252136.72	51546311979.52	121449294.64	0	0	54847709929.13	59563962065.85	91.2105257186108	91.2105257186108
"66"	"BE"	"Belgium"	"TOTAL"	2016	949587368	0	0	0	949587368	26778362.34	0	0	26778362.34	17852241.56	0	0	0	0	44630603.9	0	0	0	0	0	44630603.9	4.69999974767988	4.69999974767988
"67"	"ES"	"Spain"	"ERDF"	2015	19408883778	0	0	0	19408883778	456108768.85	0	0	456108768.85	0	0	0	0	0	456108768.85	455852047.78	0	0	0	455852047.78	911960816.63	4.69867730190496	4.69867730190496
"68"	"HU"	"Hungary"	"CF"	2017	6025427012	0	0	0	6025427012	169917041.73	0	0	169917041.73	261955439.34	0	0	113278027.82	0	318594453.25	894070578.45	0	0	0	894070578.45	1212665031.7	20.1257940604858	20.1257940604858
"69"	"AT"	"Austria"	"ERDF"	2015	536262079	0	0	0	536262079	10081727.08	0	0	10081727.08	0	0	0	0	0	10081727.08	0	0	0	0	0	10081727.08	1.87999999903032	1.87999999903032
"70"	"TC"	"Interreg"	"ERDF"	2021	9410256783	1306860	0	0	9408949923	277009954.59	0	0	277009954.59	1425146510.54	273242344.24	0	793378204.08	0	635535916.81	4997782236.19	4078814.76	0	0	5266945765.67	5902481682.48	62.7326293665513	62.7239173020556
"71"	"IE"	"Ireland"	"ERDF"	2019	410775098	0	0	0	410775098	13462894.8	0	0	13462894.8	39509953.73	2781637.35	0	25627136.44	0	24564074.74	95505081.01	0	0	0	98286718.36	122850793.1	29.9070692693256	29.9070692693256
"72"	"LV"	"Latvia"	"CF"	2023	1246634592	0	0	0	1246634592	38053494.39	0	0	38053494.39	242867675.75	26728833.24	0	157051202.55	0	97141134.35	932556402.72	1582884.99	0	0	957702350.97	1054843485.32	84.6152908068831	84.6152908068831
"73"	"HU"	"Hungary"	"TOTAL"	2022	17406099478	0	0	0	17406099478	708633792.81	0	0	708633792.81	2767428129.75	219083676.98	0	1802387991.95	0	1454590253.63	14900210648.72	1263834269.67	0	0	13855460056.03	15310050309.66	87.9579616847	87.9579616847
"74"	"GR"	"Greece"	"TOTAL"	2016	11390067403	0	0	0	11390067403	429091675.64	750910432.28	0	1180002107.92	214545837.76	3123962.08	0	0	0	1391423983.6	442646696.49	0	0	0	445770658.57	1837194642.17	16.1297960509532	16.1297960509532
"75"	"LV"	"Latvia"	"ERDF"	2014	2401252452	0	0	0	2401252452	22571773.04	0	0	22571773.04	0	0	0	0	0	22571773.04	0	0	0	0	0	22571773.04	0.939999999633525	0.939999999633525
"76"	"PL"	"Poland"	"CF"	2014	23207989042	0	0	0	23207989042	7001233.63	0	0	7001233.63	0	0	0	0	0	7001233.63	0	0	0	0	0	7001233.63	0.0301673428806335	0.0301673428806335
"77"	"CY"	"Cyprus"	"TOTAL"	2015	561640720	0	0	0	561640720	15843908.32	0	0	15843908.32	0	0	0	0	0	15843908.32	0	0	0	0	0	15843908.32	2.82100420354137	2.82100420354137
"78"	"GR"	"Greece"	"ERDF"	2021	10702894878	0	0	0	10702894878	483878540.55	537270092.92	0	1021148633.47	1266526032.25	239149727.29	0	630380068.66	0	1418144869.77	7430850898.55	9582469.77	0	0	7660418156.07	9078563025.84	84.8234344943549	84.8234344943549
"79"	"LV"	"Latvia"	"CF"	2022	1246634592	0	0	0	1246634592	38053494.39	0	0	38053494.39	217934983.91	22156843.38	0	136690500.57	0	97141134.35	734085734.87	1582884.99	0	0	754659693.26	851800827.61	68.3280275612631	68.3280275612631
"80"	"TC"	"Interreg"	"TOTAL"	2017	9260255380	0	0	0	9260255380	277009954.59	0	0	277009954.59	427399386.11	169395.88	0	184517809.7	0	519722135.12	248903394.38	0	0	0	249072790.26	768794925.38	8.30209204640747	8.30209204640747
"81"	"MT"	"Malta"	"ERDF"	2024	379516282	0	0	0	379516282	10838782.71	0	0	10838782.71	69509021.52	23014093.27	0	41589037.22	0	15744673.74	327837352.85	0	0	0	350851446.12	366596119.86	96.595623757718	96.595623757718
"82"	"SK"	"Slovakia"	"TOTAL"	2020	11069506764	147316596	0	0	10922190168	325105019.97	0	0	325105019.97	1425104719.71	89628556.69	0	724405509.33	0	936175673.66	3543060027.83	32619701.18	0	0	3600068883.34	4536244557	41.5323711382572	40.9796448361428
"83"	"CZ"	"Czechia"	"TOTAL"	2024	18992194650	0	0	0	18992194650	888878365.11	0	0	888878365.11	3383441395.18	1401863686.07	0	1761284206.24	0	1109171867.98	16495374197.46	16009566.99	0	0	17881228316.54	18990400184.52	99.9905515633497	99.9905515633497
"84"	"TC"	"Interreg"	"TOTAL"	2014	1972500983	0	0	0	1972500983	19725009.83	0	0	19725009.83	0	0	0	0	0	19725009.83	0	0	0	0	0	19725009.83	1	1
"85"	"SE"	"Sweden"	"TOTAL"	2020	934750041	19872	0	0	934730169	26648949	0	0	26648949	116868056.95	31661164.73	0	45640205.96	0	66215635.26	447285050.14	1333879.85	0	0	477612335.02	543827970.28	58.1802094674875	58.178972605148
"86"	"EE"	"Estonia"	"CF"	2025	1061534677	0	0	0	1061534677	30267677.07	0	0	30267677.07	196418673.35	38388453.92	0	134009249.76	0	54288646.74	1131046478.85	162188902.51	0	0	1007246030.26	1061534677	100	100
"87"	"EU28"	"EU28"	"TOTAL"	2014	133162721010	0	0	0	133162721010	776134779.68	0	0	776134779.68	0	0	0	0	0	776134779.68	0	0	0	0	0	776134779.68	0.582846891226949	0.582846891226949
"88"	"ES"	"Spain"	"ERDF"	2024	29101440102	2111646	0	0	29099328456	1684672125.11	0	21531983.27	1663140141.84	3957618233.99	1031335483.61	0	2542001698.91	0	2047421193.31	25708042985.91	303519789.95	0	0	26435858679.57	28483279872.88	97.882945704223	97.8758431646222
"89"	"GR"	"Greece"	"CF"	2022	2775403635	0	0	0	2775403635	122080193.92	213640339.36	0	335720533.28	515549358.14	55476890.58	0	329573416.6	0	466219584.24	1546614498.56	25977581.55	0	0	1576113807.59	2042333391.83	73.586896193209	73.586896193209
"90"	"IT"	"Italy"	"TOTAL"	2019	21660538269	0	0	0	21660538269	582340156.41	0	0	582340156.41	2043455249.36	93772231.94	0	1363927276.23	0	1168095897.6	4454900775.13	81806034.39	0	0	4466866972.68	5634962870.28	26.0148792255297	26.0148792255297
"91"	"FR"	"France"	"ERDF"	2022	11135137721	1961802	0	0	11133175919	547565185.23	0	0	547565185.23	1471187695.43	307094868.94	0	782137661.9	0	929520349.82	5785317082	33561794.47	0	0	6058850156.47	6988370506.29	62.770682482108	62.7596234675255
"92"	"SI"	"Slovenia"	"TOTAL"	2014	2285763262	0	0	0	2285763262	0	0	0	0	0	0	0	0	0	0	0	0	0	0	0	0	0	0
"93"	"HU"	"Hungary"	"TOTAL"	2015	16782207702	0	0	0	16782207702	315505504.86	0	0	315505504.86	0	0	0	0	0	315505504.86	0	0	0	0	0	315505504.86	1.88000000037182	1.88000000037182
"94"	"PT"	"Portugal"	"CF"	2020	2781050224	0	0	0	2781050224	94151317.19	0	0	94151317.19	356429986.51	49539390.76	0	172722291.59	0	228319621.35	1110359000.24	0	0	0	1159898391	1388218012.35	49.9170421436445	49.9170421436445
"95"	"MT"	"Malta"	"TOTAL"	2024	584508391	0	0	0	584508391	16979110.17	0	0	16979110.17	108928327.68	37777580.32	0	63931040.4	0	24198817.13	509611831.41	0	0	0	547389411.73	571588228.86	97.7895677223905	97.7895677223905
"96"	"BE"	"Belgium"	"ERDF"	2015	949587368	0	0	0	949587368	17852241.56	0	0	17852241.56	0	0	0	0	0	17852241.56	0	0	0	0	0	17852241.56	1.87999989907195	1.87999989907195
"97"	"GR"	"Greece"	"ERDF"	2015	8165716612	0	0	0	8165716612	230258611.32	268635046.46	0	498893657.78	0	0	0	0	0	498893657.78	0	0	0	0	0	498893657.78	6.10961268294379	6.10961268294379
"98"	"NL"	"Netherlands"	"ERDF"	2015	507318228	0	0	0	507318228	9537582.68	0	0	9537582.68	0	0	0	0	0	9537582.68	0	0	0	0	0	9537582.68	1.87999999873846	1.87999999873846
"99"	"SE"	"Sweden"	"TOTAL"	2014	936493246	0	0	0	936493246	6762605	0	0	6762605	0	0	0	0	0	6762605	0	0	0	0	0	6762605	0.7221199970085	0.7221199970085
"100"	"FI"	"Finland"	"ERDF"	2023	911500186	0	0	0	911500186	36354536.76	0	0	36354536.76	145781633.4	50489421.84	0	66551480.54	0	65095267.78	746086862.62	0	0	0	796576284.46	861671552.24	94.5333380590226	94.5333380590226
"101"	"FR"	"France"	"ERDF"	2019	8426107776	1487649	0	0	8424620127	237689732.43	0	0	237689732.43	812102934.75	69413804.19	0	510113953.33	0	470264909.66	2226763145.09	12373816.33	0	0	2283803132.95	2754068042.61	32.6907089114144	32.6849372904342
"102"	"ES"	"Spain"	"TOTAL"	2014	877216323	0	0	0	877216323	12000549	0	0	12000549	0	0	0	0	0	12000549	0	0	0	0	0	12000549	1.3680261852583	1.3680261852583
"103"	"IT"	"Italy"	"TOTAL"	2016	20650352961	0	0	0	20650352961	582340156.41	0	0	582340156.41	388226770.94	0	0	0	0	970566927.35	29402104.52	0	0	0	29402104.52	999969031.87	4.84238227675105	4.84238227675105
"104"	"CY"	"Cyprus"	"CF"	2016	269541702	0	0	0	269541702	10134768	0	0	10134768	5067384	0	0	0	0	15202152	2366021.52	0	0	0	2366021.52	17568173.52	6.51779423727168	6.51779423727168
"105"	"SI"	"Slovenia"	"ERDF"	2025	1672426573	0	0	0	1672426573	75220034.25	0	0	75220034.25	250164166.49	92221653.25	0	147756471.52	0	85406075.97	1504105045.52	9306201.74	0	0	1587020497.03	1672426573	100	100
"106"	"BG"	"Bulgaria"	"ERDF"	2017	3567667612	0	0	0	3567667612	100608226.62	0	0	100608226.62	155104349.4	3767144.99	0	63305006.09	0	188640424.94	464223261.11	0	0	0	467990406.1	656630831.04	18.4050450448745	18.4050450448745
"107"	"LT"	"Lithuania"	"CF"	2017	2048917626	0	0	0	2048917626	57779477.04	0	0	57779477.04	89076693.78	0	0	38519651.36	0	108336519.46	333910977.09	0	0	0	333910977.09	442247496.55	21.5844449253618	21.5844449253618
"108"	"LT"	"Lithuania"	"ERDF"	2016	3501411767	0	0	0	3501411767	98739811.83	0	0	98739811.83	65826541.22	0	0	0	0	164566353.05	154652698.22	0	0	0	154652698.22	319219051.27	9.11686692432367	9.11686692432367
"109"	"EU28"	"EU28"	"ERDF"	2016	196350608461	0	0	0	196350608461	5877997173.05	537270092.92	0	6415267265.97	3702594572.36	3123962.08	0	0	0	10114737876.25	3957711425.15	0	0	0	3960835387.23	14075573263.48	7.16859161975846	7.16859161975846
"110"	"NL"	"Netherlands"	"TOTAL"	2023	791056051	0	0	0	791056051	47368625.97	0	0	47368625.97	109683026.38	29936191.64	0	56352761.21	0	70762699.5	492457164.67	0	0	0	522393356.31	593156055.81	74.9828100120304	74.9828100120304
"111"	"EU28"	"EU28"	"CF"	2017	63282608285	0	0	0	63282608285	1899468771.83	213640339.36	0	2113109111.19	2755985171.01	60035254.05	0	1111636875.63	0	3697422152.52	7429154473.11	0	0	0	7489189727.16	11186611879.68	17.6772294676918	17.6772294676918
"112"	"NL"	"Netherlands"	"TOTAL"	2014	507318228	0	0	0	507318228	4768791.34	0	0	4768791.34	0	0	0	0	0	4768791.34	0	0	0	0	0	4768791.34	0.939999999369232	0.939999999369232
"113"	"BG"	"Bulgaria"	"CF"	2024	2206897416	20507335	0	0	2186390081	64248261.45	0	0	64248261.45	416176999.71	99820307.1	0	266280768.07	0	114324185.99	1972245587.91	0	0	0	2072065895.01	2186390081	100	99.0707617467254
"114"	"NL"	"Netherlands"	"ERDF"	2017	510282703	0	0	0	510282703	14306374.02	0	0	14306374.02	22055659.94	0	0	9537582.68	0	26824451.28	28556922.2	0	0	0	28556922.2	55381373.48	10.8530767659589	10.8530767659589
"115"	"PL"	"Poland"	"CF"	2025	23139930966	0	0	0	23139930966	654465290.97	0	0	654465290.97	4278864643.08	2078188156.45	29426924.25	1823222295.83	0	1002492557.52	20030016978.39	193650.61	0	0	22137438408.48	23139930966	100	100
"116"	"PT"	"Portugal"	"ERDF"	2017	10776915712	0	0	0	10776915712	354560526.94	0	0	354560526.94	468526410.62	1608346.7	0	200997668.68	0	620480922.18	1650914431.23	0	0	0	1652522777.93	2273003700.11	21.0914120593801	21.0914120593801
"117"	"SI"	"Slovenia"	"CF"	2019	914046895	0	0	0	914046895	25249444.26	0	0	25249444.26	87256456.19	12551076.26	0	50003262.57	0	49951561.62	309639765.78	0	0	0	322190842.04	372142403.66	40.7137101712927	40.7137101712927
"118"	"FR"	"France"	"TOTAL"	2014	8426107776	0	0	0	8426107776	54576005.22	0	0	54576005.22	0	0	0	0	0	54576005.22	0	0	0	0	0	54576005.22	0.647701247964669	0.647701247964669
"119"	"BG"	"Bulgaria"	"ERDF"	2023	3898489118	13994912	0	0	3884494206	184648313.67	0	0	184648313.67	661743613.76	223677803.57	0	311509289.64	0	311204834.22	3027105139.57	27215466.14	0	0	3223567477	3534772311.22	90.9969773094315	90.6703136581642
"120"	"LV"	"Latvia"	"CF"	2025	1246634592	0	0	0	1246634592	38053494.39	0	0	38053494.39	242867675.75	27603019.68	0	181109707.95	0	72208442.51	1148406014.8	1582884.99	0	0	1174426149.49	1246634592	100	100
"121"	"PL"	"Poland"	"CF"	2016	23207989042	0	0	0	23207989042	654465290.97	0	0	654465290.97	436310193.98	0	0	0	0	1090775484.95	1682453672.55	0	0	0	1682453672.55	2773229157.5	11.9494590956641	11.9494590956641
"122"	"HR"	"Croatia"	"TOTAL"	2014	6881045559	0	0	0	6881045559	64681828.26	0	0	64681828.26	0	0	0	0	0	64681828.26	0	0	0	0	0	64681828.26	0.940000000078477	0.940000000078477
"123"	"LU"	"Luxembourg"	"TOTAL"	2017	19502403	0	0	0	19502403	549967.77	0	0	549967.77	847866.98	0	0	366645.18	0	1031189.57	1582122.9	0	0	0	1582122.9	2613312.47	13.3999511239717	13.3999511239717
"124"	"LT"	"Lithuania"	"CF"	2026	2039817626	0	0	0	2039817626	57779477.04	0	0	57779477.04	377581747.83	47708185.15	0	298045605.8	0	89607433.92	1925007568.92	22505561.99	0	0	1950210192.08	2039817626	100	100
"125"	"LV"	"Latvia"	"CF"	2020	1246634592	0	0	0	1246634592	38053494.39	0	0	38053494.39	168069600.23	19308795.97	0	76552361.75	0	110261936.9	506413721.1	0	0	0	525722517.07	635984453.97	51.0161083328899	51.0161083328899
"126"	"SE"	"Sweden"	"TOTAL"	2022	1008026234	19872	0	0	1008006362	35269351.35	0	0	35269351.35	156872174.55	54996678.94	0	68508036.1	0	68636810.86	659524064.82	1692594.81	0	0	712828148.95	781464959.81	77.5257963907573	77.5242680648329
"127"	"AT"	"Austria"	"ERDF"	2019	536262079	0	0	0	536262079	15122590.62	0	0	15122590.62	51668851.31	3553012.66	0	33623355.97	0	29615073.3	156442109.88	0	0	0	159995122.54	189610195.84	35.3577482475691	35.3577482475691
"128"	"PT"	"Portugal"	"TOTAL"	2018	13642132876	0	0	0	13642132876	448711844.13	0	0	448711844.13	945499957.29	100118171.41	0	489916669.16	0	804176960.85	3348435564.78	0	0	0	3448553736.19	4252730697.04	31.1735029683052	31.1735029683052
"129"	"EE"	"Estonia"	"CF"	2016	1073321882	0	0	0	1073321882	30267677.07	0	0	30267677.07	20178451.38	0	0	0	0	50446128.45	101350999.55	0	0	0	101350999.55	151797128	14.1427404533247	14.1427404533247
"130"	"ES"	"Spain"	"TOTAL"	2022	29101440102	2111646	0	0	29099328456	1684672125.11	0	21531983.27	1663140141.84	3425783190.75	571530000	0	1845521789.07	0	2671871543.52	16047507592.05	192750753.43	0	0	16426286838.62	19098158382.14	65.6309248201985	65.6261625376659
"131"	"EU28"	"EU28"	"TOTAL"	2016	259740672360	0	0	0	259740672360	7777465944.88	750910432.28	0	8528376377.16	4894445153.42	3123962.08	0	0	0	13419697568.5	6264097518.31	0	0	0	6267221480.39	19686919048.89	7.57945179321165	7.57945179321165
"132"	"LV"	"Latvia"	"CF"	2021	1246634592	0	0	0	1246634592	38053494.39	0	0	38053494.39	193002292.07	19308795.97	0	114605856.14	0	97141134.35	628578406.98	1582884.99	0	0	646304317.96	743445452.31	59.6361962904684	59.6361962904684
"133"	"LU"	"Luxembourg"	"ERDF"	2015	19502403	0	0	0	19502403	366645.18	0	0	366645.18	0	0	0	0	0	366645.18	0	0	0	0	0	366645.18	1.88000001845926	1.88000001845926
"134"	"SK"	"Slovakia"	"TOTAL"	2016	11528546809	0	0	0	11528546809	325105019.97	0	0	325105019.97	216736679.98	0	0	0	0	541841699.95	308814781.86	0	0	0	308814781.86	850656481.81	7.37869651659754	7.37869651659754
"135"	"FR"	"France"	"TOTAL"	2016	8426107776	0	0	0	8426107776	237689732.43	0	0	237689732.43	158459821.62	0	0	0	0	396149554.05	73932310.58	0	0	0	73932310.58	470081864.63	5.57887315385319	5.57887315385319
"136"	"SI"	"Slovenia"	"ERDF"	2020	1416685363	0	0	0	1416685363	39209079.75	0	0	39209079.75	175305097.07	6385034.99	0	90683612.92	0	117445528.91	613963300.07	0	0	0	620348335.06	737793863.97	52.0788795620528	52.0788795620528
"137"	"UK"	"United Kingdom"	"ERDF"	2024	5851663462	58022554	0	0	5793640908	164281476.84	0	0	164281476.84	1075492112.92	409456429.06	0	581614373.32	0	248702787.38	5128870594.33	17075633.36	0	0	5521251390.03	5769954177.41	99.5911598429013	98.6036571460302
"138"	"IE"	"Ireland"	"TOTAL"	2018	410775098	0	0	0	410775098	13462894.8	0	0	13462894.8	28408773.79	691346.69	0	17098907.15	0	24081414.75	73601616.8	0	0	0	74292963.49	98374378.24	23.9484766041003	23.9484766041003
"139"	"BE"	"Belgium"	"TOTAL"	2021	1050955320	0	0	0	1050955320	37552423.77	0	0	37552423.77	137608719.45	21333959.7	0	77138380.79	0	76688802.73	447674092.47	0	0	0	469008052.17	545696854.9	51.9238872019792	51.9238872019792
"140"	"CZ"	"Czechia"	"TOTAL"	2016	18199615353	0	0	0	18199615353	513229152.96	0	0	513229152.96	342152768.64	0	0	0	0	855381921.6	60056248.11	0	0	0	60056248.11	915438169.71	5.02998635934963	5.02998635934963
"141"	"RO"	"Romania"	"ERDF"	2017	10726080699	0	0	0	10726080699	403300634.31	0	0	403300634.31	466316358.38	0	0	201650317.14	0	667966675.55	379608777.24	0	0	0	379608777.24	1047575452.79	9.76661916115983	9.76661916115983
"142"	"FI"	"Finland"	"TOTAL"	2022	911500186	0	0	0	911500186	36354536.76	0	0	36354536.76	133665355.31	38535606.54	0	60669166.32	0	70815119.21	649406263.7	0	0	0	687941870.24	758756989.45	83.2426587623318	83.2426587623318
"143"	"HU"	"Hungary"	"CF"	2018	6025427012	0	0	0	6025427012	169917041.73	0	0	169917041.73	417712727.6	0	0	261955439.34	0	325674329.99	1616911709.51	0	0	0	1616911709.51	1942586039.5	32.2398069984289	32.2398069984289
"144"	"HU"	"Hungary"	"ERDF"	2026	11380672466	0	0	0	11380672466	538716751.08	0	0	538716751.08	1897737719.11	408508546.48	0	1346006336.02	0	681939587.69	11034799373.53	744575041.7	0	0	10698732878.31	11380672466	100	100
"145"	"DK"	"Denmark"	"TOTAL"	2021	329718140	0	0	0	329718140	19367819.62	0	0	19367819.62	32328365.88	5000028.61	0	15324984.35	0	31371172.54	117363065.74	0	0	0	122363094.35	153734266.89	46.6259657081652	46.6259657081652
"146"	"DE"	"Germany"	"TOTAL"	2014	10083052883	0	0	0	10083052883	74044322.12	0	0	74044322.12	0	0	0	0	0	74044322.12	0	0	0	0	0	74044322.12	0.734344280241141	0.734344280241141
"147"	"LT"	"Lithuania"	"CF"	2024	2039817626	0	0	0	2039817626	57779477.04	0	0	57779477.04	377581747.83	47708185.15	0	298045605.8	0	89607433.92	1925007568.92	22505561.99	0	0	1950210192.08	2039817626	100	100
"148"	"MT"	"Malta"	"TOTAL"	2021	573346106	0	0	0	573346106	16979110.17	0	0	16979110.17	86127992.04	17987219.99	0	49120201.19	0	35999681.03	292151368.92	0	0	0	310138588.91	346138269.94	60.3716091062106	60.3716091062106
"149"	"BE"	"Belgium"	"TOTAL"	2023	1077621364	0	0	0	1077621364	42388295.19	0	0	42388295.19	180713574.01	45798023.71	0	93286930.2	0	84016915.29	726127760.92	479461.1	0	0	771446323.53	855463238.82	79.3843985836198	79.3843985836198
"150"	"CZ"	"Czechia"	"ERDF"	2018	11940689631	0	0	0	11940689631	336727447.59	0	0	336727447.59	827788308.66	12598064.42	0	506523417.29	0	645394274.54	1523990052.61	0	0	0	1536588117.03	2181982391.57	18.2735039516077	18.2735039516077
"151"	"DK"	"Denmark"	"TOTAL"	2015	206615841	0	0	0	206615841	3884377.82	0	0	3884377.82	0	0	0	0	0	3884377.82	0	0	0	0	0	3884377.82	1.88000000445271	1.88000000445271
"152"	"EU28"	"EU28"	"TOTAL"	2019	262533073418	177627894	0	0	262355445524	7777465944.88	750910432.28	0	8528376377.16	25222733022.92	2289080788.05	0	15644714078.47	0	15817314533.56	77468328950.29	1254350292.64	0	0	78503059445.7	94320373979.26	35.9513688731998	35.9270444486379
"153"	"EE"	"Estonia"	"CF"	2021	1061534677	0	0	0	1061534677	30267677.07	0	0	30267677.07	153957286.27	38388453.92	0	50138717.76	0	95697791.66	806106611.92	0	0	0	844495065.84	940192857.5	88.5692081352515	88.5692081352515
"154"	"DE"	"Germany"	"TOTAL"	2017	10773842813	0	0	0	10773842813	303822367.17	0	0	303822367.17	468392816.15	0	0	202548244.78	0	569666938.54	729411336.72	0	0	0	729411336.72	1299078275.26	12.0577058511797	12.0577058511797
"155"	"HR"	"Croatia"	"CF"	2021	2130755644	0	0	0	2130755644	72179196.39	0	0	72179196.39	357369812.88	11507073.97	0	239818137.75	0	178223797.55	644315174.72	529271.71	0	0	655292976.98	833516774.53	39.118365208939	39.118365208939
"156"	"MT"	"Malta"	"ERDF"	2021	368353997	0	0	0	368353997	10838782.71	0	0	10838782.71	54908370.24	10728555.39	0	31572902.1	0	23445695.46	183494107.59	0	0	0	194222662.98	217668358.44	59.0921668321139	59.0921668321139
"157"	"HR"	"Croatia"	"CF"	2023	2130755644	0	0	0	2130755644	72179196.39	0	0	72179196.39	442600038.64	62007525.56	0	274547911.92	0	178223797.55	1539302855.76	529271.71	0	0	1600781109.61	1779004907.16	83.4917374110684	83.4917374110684
"158"	"CY"	"Cyprus"	"CF"	2017	294869025	0	0	0	294869025	10134768	0	0	10134768	11718325.5	241661.63	0	4825722.37	0	16785709.5	29517439.22	0	0	0	29759100.85	46544810.35	15.7849100460789	15.7849100460789
"159"	"SK"	"Slovakia"	"CF"	2014	4168251427	0	0	0	4168251427	39181563.41	0	0	39181563.41	0	0	0	0	0	39181563.41	0	0	0	0	0	39181563.41	0.939999999908835	0.939999999908835
"160"	"IE"	"Ireland"	"ERDF"	2017	410775098	0	0	0	410775098	13462894.8	0	0	13462894.8	17790253.84	0	0	7693082.74	0	23560065.9	21173571.16	0	0	0	21173571.16	44733637.06	10.8900557209532	10.8900557209532
"161"	"CY"	"Cyprus"	"ERDF"	2020	299898560	0	0	0	299898560	10988443.09	0	0	10988443.09	37012725.61	13479718.54	0	12675313.6	0	21846136.56	142903372.45	0	0	0	156383090.99	178229227.55	59.4298377257964	59.4298377257964
"162"	"TC"	"Interreg"	"TOTAL"	2019	9410256783	219823	0	0	9410036960	277009954.59	0	0	277009954.59	954666403.28	48967413.53	0	635154107.2	0	547554837.14	2170928508.21	663480.35	0	0	2219232441.39	2766787278.53	29.4025123417794	29.4018255009609
"163"	"PT"	"Portugal"	"TOTAL"	2014	13638657876	0	0	0	13638657876	86094848.09	0	0	86094848.09	0	0	0	0	0	86094848.09	0	0	0	0	0	86094848.09	0.631256014138323	0.631256014138323
"164"	"CY"	"Cyprus"	"ERDF"	2015	292099018	0	0	0	292099018	8242832.32	0	0	8242832.32	0	0	0	0	0	8242832.32	0	0	0	0	0	8242832.32	2.82193085633722	2.82193085633722
"165"	"LV"	"Latvia"	"TOTAL"	2021	3895772709	0	0	0	3895772709	125926859	0	0	125926859	545061047.2	50052326.45	0	318117464.44	0	302818115.31	2120603633.31	3090265.68	0	0	2167565694.08	2470383809.39	63.4119080839323	63.4119080839323
"166"	"MT"	"Malta"	"TOTAL"	2023	584508391	0	0	0	584508391	16979110.17	0	0	16979110.17	108928327.68	32235341.7	0	58029169.42	0	35642926.73	429971228.65	0	0	0	462206570.35	497849497.08	85.1740547690444	85.1740547690444
"167"	"LU"	"Luxembourg"	"TOTAL"	2015	19502403	0	0	0	19502403	366645.18	0	0	366645.18	0	0	0	0	0	366645.18	0	0	0	0	0	366645.18	1.88000001845926	1.88000001845926
"168"	"PT"	"Portugal"	"CF"	2025	2781050224	0	0	0	2781050224	94151317.19	0	0	94151317.19	523292999.95	222760488.69	0	247065336.12	0	147618492.33	2410671242.98	0	0	0	2633431731.67	2781050224	100	100
"169"	"GR"	"Greece"	"TOTAL"	2017	11887994956	0	0	0	11887994956	429091675.64	750910432.28	0	1180002107.92	495542196.3	22761106.87	0	191784730.93	0	1460998466.42	1270821472.39	0	0	0	1293582579.26	2754581045.68	23.1711155318899	23.1711155318899
"170"	"LT"	"Lithuania"	"TOTAL"	2015	5550329393	0	0	0	5550329393	104346192.58	0	0	104346192.58	0	0	0	0	0	104346192.58	0	0	0	0	0	104346192.58	1.87999999984866	1.87999999984866
"171"	"SI"	"Slovenia"	"CF"	2021	914046895	0	0	0	914046895	25249444.26	0	0	25249444.26	131313516.55	36084774.66	0	63584500.95	0	56893685.2	537645122.2	0	0	0	573729896.86	630623582.06	68.9924757153734	68.9924757153734
"172"	"DE"	"Germany"	"TOTAL"	2016	10773842813	0	0	0	10773842813	303822367.17	0	0	303822367.17	202548244.78	0	0	0	0	506370611.95	137949348.48	0	0	0	137949348.48	644319960.43	5.98040988357976	5.98040988357976
"173"	"PT"	"Portugal"	"ERDF"	2018	10780390712	0	0	0	10780390712	354560526.94	0	0	354560526.94	747109681.78	90165847.45	0	375454752.55	0	636049608.72	2921696540.87	0	0	0	3011862388.32	3647911997.04	33.8384024706952	33.8384024706952
"174"	"ES"	"Spain"	"TOTAL"	2024	29101440102	2111646	0	0	29099328456	1684672125.11	0	21531983.27	1663140141.84	3957618233.99	1031335483.61	0	2542001698.91	0	2047421193.31	25708042985.91	303519789.95	0	0	26435858679.57	28483279872.88	97.882945704223	97.8758431646222
"175"	"LT"	"Lithuania"	"CF"	2014	2048917626	0	0	0	2048917626	19259825.68	0	0	19259825.68	0	0	0	0	0	19259825.68	0	0	0	0	0	19259825.68	0.939999999785252	0.939999999785252
"176"	"SI"	"Slovenia"	"ERDF"	2022	1672426573	0	0	0	1672426573	75220034.25	0	0	75220034.25	226901485.41	35956509.15	0	130634140.15	0	135530870.36	1205530244.73	9306201.74	0	0	1232180552.14	1367711422.5	81.7800580653654	81.7800580653654
"177"	"RO"	"Romania"	"ERDF"	2014	1542553192	0	0	0	1542553192	0	0	0	0	0	0	0	0	0	0	0	0	0	0	0	0	0	0
"178"	"LU"	"Luxembourg"	"ERDF"	2014	19502403	0	0	0	19502403	183322.59	0	0	183322.59	0	0	0	0	0	183322.59	0	0	0	0	0	183322.59	0.940000009229632	0.940000009229632
"179"	"SK"	"Slovakia"	"CF"	2019	4168251427	0	0	0	4168251427	117544690.23	0	0	117544690.23	401611024.95	48084982.1	0	240879048.05	0	230191685.03	1479658559.75	17581484.69	0	0	1510162057.16	1740353742.19	41.7526095215081	41.7526095215081
"180"	"PL"	"Poland"	"TOTAL"	2015	63421859277	0	0	0	63421859277	1192330954.46	0	0	1192330954.46	0	0	0	0	0	1192330954.46	0	0	0	0	0	1192330954.46	1.88000000008262	1.88000000008262
"181"	"AT"	"Austria"	"ERDF"	2023	693957603	0	0	0	693957603	70841758.02	0	0	70841758.02	107049609.22	11115992.47	0	69068234.69	0	97707140.08	490424987.7	1916392.7	0	0	499624587.47	597331727.55	86.0761125705254	86.0761125705254
"182"	"ES"	"Spain"	"TOTAL"	2021	27655614882	2111646	0	0	27653503236	1405706832.11	0	21531983.27	1384174848.84	2892122676.4	276886565.47	0	1744042669.02	0	2255368290.75	11348266497.82	174161357.34	0	0	11450991705.95	13706359996.7	49.5646424242435	49.5608579132368
"183"	"EE"	"Estonia"	"TOTAL"	2017	2918097420	0	0	0	2918097420	83121848.34	0	0	83121848.34	128146182.85	6184484.15	0	29051630.03	0	176031917.01	412934321.31	0	0	0	419118805.46	595150722.47	20.3951629027519	20.3951629027519
"184"	"IT"	"Italy"	"ERDF"	2019	21660538269	0	0	0	21660538269	582340156.41	0	0	582340156.41	2043455249.36	93772231.94	0	1363927276.23	0	1168095897.6	4454900775.13	81806034.39	0	0	4466866972.68	5634962870.28	26.0148792255297	26.0148792255297
"185"	"PT"	"Portugal"	"ERDF"	2015	10776915712	0	0	0	10776915712	253257519.25	0	0	253257519.25	0	0	0	0	0	253257519.25	0	0	0	0	0	253257519.25	2.35000000016702	2.35000000016702
"186"	"PL"	"Poland"	"ERDF"	2019	40213870235	0	0	0	40213870235	1134031140.72	0	0	1134031140.72	3874606397.62	384233589.82	0	2403592964.58	0	2220810983.94	14495933493.42	103176280.44	0	0	14776990802.8	16997801786.74	42.2685050889383	42.2685050889383
"187"	"NL"	"Netherlands"	"TOTAL"	2022	791056051	0	0	0	791056051	47368625.97	0	0	47368625.97	93861905.36	21138399.02	0	49329432.81	0	70762699.5	364096190.42	0	0	0	385234589.44	455997288.94	57.6441186896376	57.6441186896376
"188"	"HR"	"Croatia"	"TOTAL"	2019	6831255232	0	0	0	6831255232	194045484.78	0	0	194045484.78	660356076.18	23697906.81	0	452043496.7	0	378660157.45	1356157717.96	0	0	0	1379855624.77	1758515782.22	25.7422058245239	25.7422058245239
"189"	"LU"	"Luxembourg"	"TOTAL"	2023	89189782	0	0	0	89189782	11003074.62	0	0	11003074.62	6386663.66	2902451.64	0	1505632.02	0	12981654.62	66370779.13	830013.35	0	0	68443217.42	81424872.04	91.2939466989615	91.2939466989615
"190"	"MT"	"Malta"	"TOTAL"	2015	602096106	0	0	0	602096106	11319406.78	0	0	11319406.78	0	0	0	0	0	11319406.78	0	0	0	0	0	11319406.78	1.87999999787409	1.87999999787409
"191"	"FR"	"France"	"TOTAL"	2022	11135137721	1961802	0	0	11133175919	547565185.23	0	0	547565185.23	1471187695.43	307094868.94	0	782137661.9	0	929520349.82	5785317082	33561794.47	0	0	6058850156.47	6988370506.29	62.770682482108	62.7596234675255
"192"	"FR"	"France"	"ERDF"	2020	8482341975	1961802	0	0	8480380173	237689732.43	0	0	237689732.43	1049748037.71	140107388.73	0	515355283.6	0	631975097.81	3255499379.78	12373816.33	0	0	3383232952.18	4015208049.99	47.3470288840788	47.3360784300376
"193"	"BG"	"Bulgaria"	"CF"	2016	2278307144	0	0	0	2278307144	64248261.45	0	0	64248261.45	42832174.3	0	0	0	0	107080435.75	1903889.76	0	0	0	1903889.76	108984325.51	4.78356598218172	4.78356598218172
"194"	"LT"	"Lithuania"	"ERDF"	2018	3501411767	0	0	0	3501411767	98739811.83	0	0	98739811.83	242735370.76	10933956.17	0	141289920.41	0	189251306.01	776747847.91	0	0	0	787681804.08	976933110.09	27.9011203223046	27.9011203223046
"195"	"RO"	"Romania"	"ERDF"	2016	10726080699	0	0	0	10726080699	403300634.31	0	0	403300634.31	201650317.14	0	0	0	0	604950951.45	0	0	0	0	0	604950951.45	5.64000000024613	5.64000000024613
"196"	"GR"	"Greece"	"TOTAL"	2022	13756155295	0	0	0	13756155295	670274028.59	750910432.28	0	1421184460.87	1958088449.03	460191971.68	0	1048118316.93	0	1870962621.29	10318207216.61	39198081.02	0	0	10739201107.27	12610163728.56	91.6692452079504	91.6692452079504
"197"	"RO"	"Romania"	"CF"	2025	6534996977	0	0	0	6534996977	260755886.36	0	0	260755886.36	1255853692.19	322804493.61	0	759585366.84	0	434219718.1	5777972765.29	0	0	0	6100777258.9	6534996977	100	100
"198"	"LT"	"Lithuania"	"ERDF"	2014	3501411767	0	0	0	3501411767	32913270.61	0	0	32913270.61	0	0	0	0	0	32913270.61	0	0	0	0	0	32913270.61	0.940000000005712	0.940000000005712
"199"	"EE"	"Estonia"	"TOTAL"	2019	2922618697	0	0	0	2922618697	83121848.34	0	0	83121848.34	282562771.4	45904999.02	0	137495550.74	0	182284069.98	1152020501.04	0	0	0	1197925500.06	1380209570.04	47.2250988969842	47.2250988969842
"200"	"DE"	"Germany"	"ERDF"	2022	12270511081	0	0	0	12270511081	480506440.17	0	0	480506440.17	1812081807.07	429861762.39	0	938411727.45	0	924314757.4	7060266071.56	3025634.91	0	0	7487102199.04	8411416956.44	68.54985013187	68.54985013187
"201"	"IE"	"Ireland"	"TOTAL"	2021	470775098	0	0	0	470775098	13462894.8	0	0	13462894.8	60509295.63	9257936.89	0	37210976.38	0	27503277.16	401867906.11	7493314.51	0	0	403632528.49	431135805.65	91.5799938190444	91.5799938190444
"202"	"DE"	"Germany"	"ERDF"	2019	10773842813	0	0	0	10773842813	303822367.17	0	0	303822367.17	1038059754.64	77453371.76	0	669443281	0	594985469.05	2821322591.11	1197358.27	0	0	2897578604.6	3492564073.65	32.4170691393027	32.4170691393027
"203"	"LV"	"Latvia"	"ERDF"	2024	2665837658	0	0	0	2665837658	95203562.97	0	0	95203562.97	458358270.63	57202247.58	0	336335169.04	0	160024416.98	2450118374.13	1507380.69	0	0	2505813241.02	2665837658	100	100
"204"	"CZ"	"Czechia"	"TOTAL"	2023	18992194650	0	0	0	18992194650	888878365.11	0	0	888878365.11	3383441395.18	1186314442.06	0	1588103587.65	0	1497901730.58	15916152159.54	16009566.99	0	0	17086457034.61	18584358765.19	97.8526131796464	97.8526131796464
"205"	"GR"	"Greece"	"CF"	2024	2775403635	0	0	0	2775403635	122080193.92	213640339.36	0	335720533.28	569840704	86342849.64	0	415982156.39	0	403236231.25	2326548097.99	40723543.88	0	0	2372167403.75	2775403635	100	100
"206"	"PL"	"Poland"	"TOTAL"	2016	63421859277	0	0	0	63421859277	1788496431.69	0	0	1788496431.69	1192330954.46	0	0	0	0	2980827386.15	2469428336.77	0	0	0	2469428336.77	5450255722.92	8.59365490865787	8.59365490865787
"207"	"DK"	"Denmark"	"ERDF"	2019	206615841	0	0	0	206615841	5826566.73	0	0	5826566.73	19907436.35	2654751.48	0	11668891.75	0	11410359.85	58060012.23	0	0	0	60714763.71	72125123.56	34.9078382426641	34.9078382426641
"208"	"MT"	"Malta"	"TOTAL"	2014	602096106	0	0	0	602096106	5659703.39	0	0	5659703.39	0	0	0	0	0	5659703.39	0	0	0	0	0	5659703.39	0.939999998937047	0.939999998937047
"209"	"SI"	"Slovenia"	"TOTAL"	2015	2285763262	0	0	0	2285763262	42972349.34	0	0	42972349.34	0	0	0	0	0	42972349.34	0	0	0	0	0	42972349.34	1.88000000062999	1.88000000062999
"210"	"BE"	"Belgium"	"TOTAL"	2015	949587368	0	0	0	949587368	17852241.56	0	0	17852241.56	0	0	0	0	0	17852241.56	0	0	0	0	0	17852241.56	1.87999989907195	1.87999989907195
"211"	"HR"	"Croatia"	"TOTAL"	2023	6963812572	0	0	0	6963812572	198770284.23	0	0	198770284.23	1266783880.99	330917023.56	0	671790410.8	0	462846730.86	5062210671.47	529271.71	0	0	5392598423.32	5855445154.18	84.0838993531143	84.0838993531143
"212"	"SK"	"Slovakia"	"CF"	2015	4168251427	0	0	0	4168251427	78363126.82	0	0	78363126.82	0	0	0	0	0	78363126.82	0	0	0	0	0	78363126.82	1.87999999981767	1.87999999981767
"213"	"LT"	"Lithuania"	"CF"	2021	2039817626	0	0	0	2039817626	57779477.04	0	0	57779477.04	295989042.79	46987116.26	0	176377617.13	0	130403786.44	1498146901.57	0	0	0	1545134017.83	1675537804.27	82.141549465658	82.141549465658
"214"	"PT"	"Portugal"	"ERDF"	2014	10776915712	0	0	0	10776915712	45744283.58	0	0	45744283.58	0	0	0	0	0	45744283.58	0	0	0	0	0	45744283.58	0.424465448208564	0.424465448208564
"215"	"LT"	"Lithuania"	"TOTAL"	2023	5723616814	0	0	0	5723616814	263020536.87	0	0	263020536.87	1028318055.34	208175124.01	0	589229913.67	0	493933554.53	5023775237.46	2267102	0	0	5229683259.47	5723616814	100	100
"216"	"SK"	"Slovakia"	"TOTAL"	2019	11444756764	147316596	0	0	11297440168	325105019.97	0	0	325105019.97	1106360349.15	73031609.25	0	724405509.33	0	634028250.54	2672853439.31	32619701.18	0	0	2713265347.38	3347293597.92	29.6287791583195	29.2473983234756
"217"	"IE"	"Ireland"	"TOTAL"	2019	410775098	0	0	0	410775098	13462894.8	0	0	13462894.8	39509953.73	2781637.35	0	25627136.44	0	24564074.74	95505081.01	0	0	0	98286718.36	122850793.1	29.9070692693256	29.9070692693256
"218"	"EE"	"Estonia"	"ERDF"	2016	1874261393	0	0	0	1874261393	52854171.27	0	0	52854171.27	35236114.18	0	0	0	0	88090285.45	82442537.76	0	0	0	82442537.76	170532823.21	9.09866808583407	9.09866808583407
"219"	"PT"	"Portugal"	"ERDF"	2020	11000965406	0	0	0	11000965406	354560526.94	0	0	354560526.94	1342311063.02	279076522.48	0	544375056.72	0	873420010.76	5725402514.29	0	0	0	6004479036.77	6877899047.53	62.520867884729	62.520867884729
"220"	"UK"	"United Kingdom"	"ERDF"	2014	2197323984	0	0	0	2197323984	20601422.3	0	0	20601422.3	0	0	0	0	0	20601422.3	0	0	0	0	0	20601422.3	0.937568717677092	0.937568717677092
"221"	"HR"	"Croatia"	"CF"	2022	2130755644	0	0	0	2130755644	72179196.39	0	0	72179196.39	399984925.76	34730999.84	0	259209324.76	0	178223797.55	866791950.46	529271.71	0	0	900993678.59	1079217476.14	50.6495185958545	50.6495185958545
"222"	"EE"	"Estonia"	"TOTAL"	2020	2922618697	0	0	0	2922618697	83121848.34	0	0	83121848.34	364980618.62	62440135.45	0	137495550.74	0	248166780.77	1570412602.46	0	0	0	1632852737.91	1881019518.68	64.3607570365174	64.3607570365174
"223"	"PT"	"Portugal"	"CF"	2015	2861742164	0	0	0	2861742164	67250940.85	0	0	67250940.85	0	0	0	0	0	67250940.85	0	0	0	0	0	67250940.85	2.34999999986023	2.34999999986023
"224"	"HR"	"Croatia"	"ERDF"	2023	4833056928	0	0	0	4833056928	126591087.84	0	0	126591087.84	824183842.35	268909498	0	397242498.88	0	284622933.31	3522907815.71	0	0	0	3791817313.71	4076440247.02	84.3449665035686	84.3449665035686
"225"	"PL"	"Poland"	"ERDF"	2016	40213870235	0	0	0	40213870235	1134031140.72	0	0	1134031140.72	756020760.48	0	0	0	0	1890051901.2	786974664.22	0	0	0	786974664.22	2677026565.42	6.65697320296732	6.65697320296732
"226"	"BG"	"Bulgaria"	"CF"	2018	2278307144	0	0	0	2278307144	64248261.45	0	0	64248261.45	157943642.74	5969290.72	0	93080112.35	0	123142501.12	250299077.16	0	0	0	256268367.88	379410869	16.6531922615961	16.6531922615961
"227"	"LV"	"Latvia"	"TOTAL"	2019	3750667147	0	0	0	3750667147	105768813.51	0	0	105768813.51	361376779.51	28702027.96	0	231312971.94	0	207130593.12	1166197652.92	1507380.69	0	0	1193392300.19	1400522893.31	37.3406340370731	37.3406340370731
"228"	"HU"	"Hungary"	"TOTAL"	2021	17151715170	0	0	0	17151715170	515573684.95	0	0	515573684.95	2427316661.74	198863970.45	0	1487267109.2	0	1256759267.04	12536032023.94	989968426.91	0	0	11744927567.48	13001686834.52	75.8040038891341	75.8040038891341
"229"	"PL"	"Poland"	"CF"	2024	23139930966	0	0	0	23139930966	654465290.97	0	0	654465290.97	4278864643.08	2078188156.45	0	1823222295.83	0	1031919481.77	20030016978.39	193650.61	0	0	22108011484.23	23139930966	100	100
"230"	"IT"	"Italy"	"ERDF"	2025	27724375038	0	0	0	27724375038	1292490104.31	0	0	1292490104.31	4014671776.99	1433353042.05	45736188.86	2371655178.06	0	1456417472.33	24857795315.36	161827751.07	0	0	26175056795.2	27631474267.53	99.6649130220513	99.6649130220513
"231"	"NL"	"Netherlands"	"TOTAL"	2017	510282703	0	0	0	510282703	14306374.02	0	0	14306374.02	22055659.94	0	0	9537582.68	0	26824451.28	28556922.2	0	0	0	28556922.2	55381373.48	10.8530767659589	10.8530767659589
"232"	"IT"	"Italy"	"TOTAL"	2015	20650352961	0	0	0	20650352961	388226770.94	0	0	388226770.94	0	0	0	0	0	388226770.94	0	0	0	0	0	388226770.94	1.88000065506483	1.88000065506483
"233"	"SK"	"Slovakia"	"CF"	2021	3991001427	0	0	0	3991001427	117544690.23	0	0	117544690.23	598975743.72	67984698.66	0	338524021.72	0	310011713.57	2270336281.49	41229539	0	0	2297091441.15	2607103154.72	65.324535768952	65.324535768952
"234"	"IT"	"Italy"	"TOTAL"	2025	27724375038	0	0	0	27724375038	1292490104.31	0	0	1292490104.31	4014671776.99	1433353042.05	45736188.86	2371655178.06	0	1456417472.33	24857795315.36	161827751.07	0	0	26175056795.2	27631474267.53	99.6649130220513	99.6649130220513
"235"	"CY"	"Cyprus"	"CF"	2025	258856192	0	0	0	258856192	10134768	0	0	10134768	51156203.27	21385187.23	0	25511673.5	0	14394110.54	223076894.23	0	0	0	244462081.46	258856192	100	100
"236"	"LV"	"Latvia"	"TOTAL"	2016	3750667147	0	0	0	3750667147	105768813.51	0	0	105768813.51	70512542.34	0	0	0	0	176281355.85	142897709.56	0	0	0	142897709.56	319179065.41	8.50992777819002	8.50992777819002
"237"	"IE"	"Ireland"	"TOTAL"	2023	470775098	0	0	0	470775098	13462894.8	0	0	13462894.8	74779010.11	19135798.54	0	46164118.65	0	22941987.72	435619139.44	7493314.51	0	0	447261623.47	470203611.19	99.8786072559004	99.8786072559004
"238"	"UK"	"United Kingdom"	"TOTAL"	2021	5861030512	46154833	0	0	5814875679	164281476.84	0	0	164281476.84	843373391.98	185167864.66	0	457606179.1	0	364880825.06	3134198585.4	16432276.13	0	0	3302934173.93	3667814998.99	63.0764130045986	62.5796946711067
"239"	"LT"	"Lithuania"	"TOTAL"	2024	5723616814	0	0	0	5723616814	263020536.87	0	0	263020536.87	1028318055.34	275800842.88	0	680765217.17	0	334772532.16	5136387846.01	23344407.05	0	0	5388844281.84	5723616814	100	100
"240"	"CY"	"Cyprus"	"CF"	2018	294869025	0	0	0	294869025	10134768	0	0	10134768	19340689.81	2216951.76	0	9501373.74	0	17757132.31	78139235.68	0	0	0	80356187.44	98113319.75	33.2735253389195	33.2735253389195
"241"	"AT"	"Austria"	"ERDF"	2025	693957603	0	0	0	693957603	70841758.02	0	0	70841758.02	107049609.22	17400521.85	0	75961071.52	0	84529773.87	593680448.89	2472311.1	0	0	608608659.64	693138433.51	99.8819568390837	99.8819568390837
"242"	"RO"	"Romania"	"CF"	2018	6934996977	0	0	0	6934996977	260755886.36	0	0	260755886.36	480768665.48	0	0	301498993.61	0	440025558.23	1079932436.56	0	0	0	1079932436.56	1519957994.79	21.9172120742224	21.9172120742224
"243"	"CZ"	"Czechia"	"ERDF"	2015	11940689631	0	0	0	11940689631	224484965.06	0	0	224484965.06	0	0	0	0	0	224484965.06	0	0	0	0	0	224484965.06	1.87999999997655	1.87999999997655
"244"	"SE"	"Sweden"	"ERDF"	2020	934750041	19872	0	0	934730169	26648949	0	0	26648949	116868056.95	31661164.73	0	45640205.96	0	66215635.26	447285050.14	1333879.85	0	0	477612335.02	543827970.28	58.1802094674875	58.178972605148
"245"	"DK"	"Denmark"	"TOTAL"	2016	206615841	0	0	0	206615841	5826566.73	0	0	5826566.73	3884377.82	0	0	0	0	9710944.55	786718.46	0	0	0	786718.46	10497663.01	5.08076387521516	5.08076387521516
"246"	"SE"	"Sweden"	"TOTAL"	2025	1013298307.75	19872	3882171.5	1389902.25	1008006362	35269351.35	0	0	35269351.35	177032301.79	76796203.45	26317248.51	86056740.85	1389902.25	21741558.08	874422545.91	1692594.81	0	0	975843403.06	998974863.39	99.1040236500015	98.5864533424708
"247"	"EU28"	"EU28"	"ERDF"	2025	230272871785.88	233603414	12693579.91	21010942.97	230005563849	10925467047.62	537270092.92	21531983.27	11441205157.27	37070262800.21	13272220406.28	603056006.33	21378387934.48	21010942.97	13236792667.42	204140355929.77	1876068840.4	0	1943901.99	216141507403.97	229399311014.36	99.7364181872409	99.6206410400213
"248"	"LU"	"Luxembourg"	"ERDF"	2016	19502403	0	0	0	19502403	549967.77	0	0	549967.77	366645.18	0	0	0	0	916612.95	312993.86	0	0	0	312993.86	1229606.81	6.30489899116535	6.30489899116535
"249"	"ES"	"Spain"	"TOTAL"	2023	29101440102	2111646	0	0	29099328456	1684672125.11	0	21531983.27	1663140141.84	3957618233.99	842443874.61	0	2113635928.38	0	2664678572.84	18817997891.03	205667492.77	0	0	19454774272.87	22119452845.71	76.0136196240955	76.0081039569923
"250"	"LT"	"Lithuania"	"TOTAL"	2020	5445470110	0	0	0	5445470110	156519288.87	0	0	156519288.87	691293525.86	20102258.67	0	388218368.44	0	439492187.62	2960584267.68	838845.06	0	0	2979847681.29	3419339868.91	62.7923723726031	62.7923723726031
"251"	"HU"	"Hungary"	"CF"	2021	6025427012	0	0	0	6025427012	169917041.73	0	0	169917041.73	870975474.57	11339228.08	0	580540046.62	0	449013241.6	4883459420.15	691770379.27	0	0	4203028268.96	4652041510.56	77.2068353213005	77.2068353213005
"252"	"UK"	"United Kingdom"	"TOTAL"	2014	2197323984	0	0	0	2197323984	20601422.3	0	0	20601422.3	0	0	0	0	0	20601422.3	0	0	0	0	0	20601422.3	0.937568717677092	0.937568717677092
"253"	"EU28"	"EU28"	"TOTAL"	2020	261860907828	198871609	0	0	261662036219	7777465944.88	750910432.28	21531983.27	8506844393.89	32611564240.76	4428798616.94	0	15828727451.17	0	20860882566.54	112136986958.19	1263523309.23	0	0	115302262265.9	136163144832.44	52.0377914962326	51.9982711286852
"254"	"CY"	"Cyprus"	"CF"	2015	269541702	0	0	0	269541702	7601076	0	0	7601076	0	0	0	0	0	7601076	0	0	0	0	0	7601076	2.8200000013356	2.8200000013356
"255"	"SI"	"Slovenia"	"CF"	2022	914046895	0	0	0	914046895	25249444.26	0	0	25249444.26	149594454.45	41487627.15	0	76462586.36	0	56893685.2	646398587.42	0	0	0	687886214.57	744779899.77	81.4815852276376	81.4815852276376
"256"	"EU28"	"EU28"	"CF"	2022	61455291487	0	0	0	61455291487	1899468771.83	213640339.36	0	2113109111.19	10343531320.34	2483418176.83	0	5351337892.93	0	4621884361.77	45870440676.64	908009873.33	0	0	47445848980.14	52067733341.91	84.7245730710173	84.7245730710173
"257"	"LT"	"Lithuania"	"ERDF"	2024	3683799188	0	0	0	3683799188	205241059.83	0	0	205241059.83	650736307.51	228092657.73	0	382719611.37	0	245165098.24	3211380277.09	838845.06	0	0	3438634089.76	3683799188	100	100
"258"	"SE"	"Sweden"	"ERDF"	2024	1008026234	19872	0	0	1008006362	35269351.35	0	0	35269351.35	177032301.79	79331844.15	0	86056740.85	0	46913068.14	874058449.59	1692594.81	0	0	951697698.93	998610767.07	99.0679032113093	99.0659502091887
"259"	"SE"	"Sweden"	"TOTAL"	2015	944998230	0	0	0	944998230	17765966	0	0	17765966	0	0	0	0	0	17765966	0	0	0	0	0	17765966	1.8799999233861	1.8799999233861
"260"	"CY"	"Cyprus"	"TOTAL"	2017	594767585	0	0	0	594767585	21123211.09	0	0	21123211.09	24416775.31	241661.63	0	10316943.91	0	34981380.86	87843724.69	0	0	0	88085386.32	123066767.18	20.6915726888512	20.6915726888512
"261"	"BG"	"Bulgaria"	"CF"	2022	2206897416	0	0	0	2206897416	64248261.45	0	0	64248261.45	372039051.39	66199016.56	0	211626161.97	0	158462134.31	1050794991.88	0	0	0	1116994008.44	1275456142.75	57.7940838347513	57.7940838347513
"262"	"AT"	"Austria"	"TOTAL"	2014	536262079	0	0	0	536262079	5040863.54	0	0	5040863.54	0	0	0	0	0	5040863.54	0	0	0	0	0	5040863.54	0.939999999515163	0.939999999515163
"263"	"SK"	"Slovakia"	"CF"	2025	3991001427	0	0	0	3991001427	117544690.23	0	0	117544690.23	758615800.8	181965515.68	0	464003290.32	0	230191685.03	3620073765.29	41229539	0	0	3760809741.97	3991001427	100	100
"264"	"LV"	"Latvia"	"CF"	2016	1349414695	0	0	0	1349414695	38053494.39	0	0	38053494.39	25368996.26	0	0	0	0	63422490.65	81573822.09	0	0	0	81573822.09	144996312.74	10.745126259352	10.745126259352
"265"	"SK"	"Slovakia"	"CF"	2023	3991001427	0	0	0	3991001427	117544690.23	0	0	117544690.23	758615800.8	149074082.72	0	417074694.74	0	310011713.57	3117124628.63	41229539	0	0	3224969172.35	3534980885.92	88.5737815578085	88.5737815578085
"266"	"RO"	"Romania"	"CF"	2023	6534996977	0	0	0	6534996977	260755886.36	0	0	260755886.36	1255853692.19	299294685.84	0	652395235.07	0	564919657.64	5670782633.52	0	0	0	5970077319.36	6534996977	100	100
"267"	"AT"	"Austria"	"ERDF"	2022	693957603	0	0	0	693957603	70841758.02	0	0	70841758.02	93872243.01	9827645.88	0	56477429.22	0	98408925.93	489400645.56	0	0	0	499228291.44	597637217.37	86.1201339658786	86.1201339658786
"268"	"HU"	"Hungary"	"TOTAL"	2024	17406099478	0	0	0	17406099478	708633792.81	0	0	708633792.81	2955716095.18	461915261.12	0	2193689413.77	0	1008745213.1	17628370084.45	1692931080.67	0	0	16397354264.9	17406099478	100	100
"269"	"MT"	"Malta"	"TOTAL"	2017	602096106	0	0	0	602096106	16979110.17	0	0	16979110.17	26176128.18	0	0	11319406.78	0	31835831.57	43268958.6	0	0	0	43268958.6	75104790.17	12.4738873780393	12.4738873780393
"270"	"BG"	"Bulgaria"	"CF"	2014	1144687261	0	0	0	1144687261	0	0	0	0	0	0	0	0	0	0	0	0	0	0	0	0	0	0
"271"	"PT"	"Portugal"	"CF"	2017	2861742164	0	0	0	2861742164	94151317.19	0	0	94151317.19	124414240.57	0	0	53800752.68	0	164764805.08	172570269.47	0	0	0	172570269.47	337335074.55	11.7877521879361	11.7877521879361
"272"	"CZ"	"Czechia"	"CF"	2021	6143946095	0	0	0	6143946095	176501705.37	0	0	176501705.37	893106147.31	243289838.74	0	441502996.58	0	384815017.36	4107159987.83	0	0	0	4350449826.57	4735264843.93	77.0720441018127	77.0720441018127
"273"	"CY"	"Cyprus"	"CF"	2019	294869025	0	0	0	294869025	10134768	0	0	10134768	27309525.23	4984167.39	0	14356522.42	0	18103603.42	89203135.55	0	0	0	94187302.94	112290906.36	38.0816216148848	38.0816216148848
"274"	"PL"	"Poland"	"ERDF"	2018	40213870235	0	0	0	40213870235	1134031140.72	0	0	1134031140.72	2787826554.4	110970647.62	0	1637327361.08	0	2173559686.42	8205507519.61	95003789.49	0	0	8221474377.74	10395034064.16	25.8493748634836	25.8493748634836
"275"	"PL"	"Poland"	"CF"	2015	23207989042	0	0	0	23207989042	436310193.98	0	0	436310193.98	0	0	0	0	0	436310193.98	0	0	0	0	0	436310193.98	1.87999999995863	1.87999999995863
"276"	"PT"	"Portugal"	"TOTAL"	2020	13782015630	0	0	0	13782015630	448711844.13	0	0	448711844.13	1698741049.53	328615913.24	0	717097348.31	0	1101739632.11	6835761514.53	0	0	0	7164377427.77	8266117059.88	59.9775626569943	59.9775626569943
"277"	"PT"	"Portugal"	"TOTAL"	2015	13638657876	0	0	0	13638657876	320508460.1	0	0	320508460.1	0	0	0	0	0	320508460.1	0	0	0	0	0	320508460.1	2.35000000010265	2.35000000010265
"278"	"TC"	"Interreg"	"TOTAL"	2021	9410256783	1306860	0	0	9408949923	277009954.59	0	0	277009954.59	1425146510.54	273242344.24	0	793378204.08	0	635535916.81	4997782236.19	4078814.76	0	0	5266945765.67	5902481682.48	62.7326293665513	62.7239173020556
"279"	"RO"	"Romania"	"TOTAL"	2017	17661077676	0	0	0	17661077676	664056520.67	0	0	664056520.67	767815351.99	0	0	332028260.32	0	1099843612.34	1070046235.58	0	0	0	1070046235.58	2169889847.92	12.2862822287946	12.2862822287946
"280"	"DE"	"Germany"	"TOTAL"	2024	12288205012	0	0	0	12288205012	480506440.17	0	0	480506440.17	2057845907.31	683454013.46	0	1182697512.9	0	672200821.12	10880247268.42	7045175.33	0	0	11556656106.55	12228856927.67	99.5170321111013	99.5170321111013
"281"	"IE"	"Ireland"	"TOTAL"	2016	409206529	0	0	0	409206529	13462894.8	0	0	13462894.8	7693082.74	0	0	0	0	21155977.54	0	0	0	0	0	21155977.54	5.16999999772731	5.16999999772731
"282"	"SI"	"Slovenia"	"TOTAL"	2017	2330732258	0	0	0	2330732258	64458524.01	0	0	64458524.01	99373557.85	0	0	42972349.34	0	120859732.52	141732346.05	0	0	0	141732346.05	262592078.57	11.2665055228321	11.2665055228321
"283"	"CZ"	"Czechia"	"TOTAL"	2017	18084635726	0	0	0	18084635726	513229152.96	0	0	513229152.96	791228277.49	0	0	342152768.64	0	962304661.81	1296975555.41	0	0	0	1296975555.41	2259280217.22	12.4928157329255	12.4928157329255
"284"	"DK"	"Denmark"	"ERDF"	2018	206615841	0	0	0	206615841	5826566.73	0	0	5826566.73	14323643.23	1143178.5	0	7839445.23	0	11167586.23	34939694.31	0	0	0	36082872.81	47250459.04	22.8687494682462	22.8687494682462
"285"	"EE"	"Estonia"	"TOTAL"	2022	3112781061	0	0	0	3112781061	155343307.29	0	0	155343307.29	488305051.74	95837981.88	0	248177768.09	0	299632609.06	2549912773.03	86086807.46	0	0	2559663947.45	2859296556.51	91.8566548844085	91.8566548844085
"286"	"UK"	"United Kingdom"	"ERDF"	2017	5856532225	0	0	0	5856532225	164281476.84	0	0	164281476.84	253267276.84	0	0	109520984.56	0	308027769.12	309042645.41	0	0	0	309042645.41	617070414.53	10.5364470103296	10.5364470103296
"287"	"LT"	"Lithuania"	"TOTAL"	2014	5550329393	0	0	0	5550329393	52173096.29	0	0	52173096.29	0	0	0	0	0	52173096.29	0	0	0	0	0	52173096.29	0.939999999924329	0.939999999924329
"288"	"IE"	"Ireland"	"TOTAL"	2014	409206529	0	0	0	409206529	5769812.06	0	0	5769812.06	0	0	0	0	0	5769812.06	0	0	0	0	0	5769812.06	1.41000000026881	1.41000000026881
"289"	"UK"	"United Kingdom"	"TOTAL"	2023	5851663462	58022554	0	0	5793640908	164281476.84	0	0	164281476.84	1075492112.92	343865663.13	0	531264455.99	0	364643470.64	4580463308.94	17075633.36	0	0	4907253338.71	5271896809.35	90.9945385477798	90.0922762148757
"290"	"EU28"	"EU28"	"TOTAL"	2018	262554503303	30442834	0	0	262524060469	7777465944.88	750910432.28	0	8528376377.16	18114480051.78	904473387.76	0	10390512587.99	0	15347870453.19	47419557295.59	220153286.39	0	0	48103877396.96	63451747850.15	24.1698790338658	24.1670765695928
"291"	"HU"	"Hungary"	"TOTAL"	2025	17406099478	0	0	0	17406099478	708633792.81	0	0	708633792.81	2955716095.18	461915261.12	0	2193689413.77	0	1008745213.1	17628370084.45	1692931080.67	0	0	16397354264.9	17406099478	100	100
"292"	"BE"	"Belgium"	"TOTAL"	2017	953009307	0	0	0	953009307	26778362.34	0	0	26778362.34	41283308.62	0	0	17852241.56	0	50209429.4	35270978.39	0	0	0	35270978.39	85480407.79	8.96952497337993	8.96952497337993
"293"	"IE"	"Ireland"	"ERDF"	2014	409206529	0	0	0	409206529	5769812.06	0	0	5769812.06	0	0	0	0	0	5769812.06	0	0	0	0	0	5769812.06	1.41000000026881	1.41000000026881
"294"	"MT"	"Malta"	"ERDF"	2017	384353997	0	0	0	384353997	10838782.71	0	0	10838782.71	16709790.01	0	0	7225855.14	0	20322717.58	32289542.52	0	0	0	32289542.52	52612260.1	13.688490430867	13.688490430867
"295"	"LT"	"Lithuania"	"CF"	2015	2048917626	0	0	0	2048917626	38519651.36	0	0	38519651.36	0	0	0	0	0	38519651.36	0	0	0	0	0	38519651.36	1.8799999995705	1.8799999995705
"296"	"PL"	"Poland"	"ERDF"	2014	19277643297	0	0	0	19277643297	117131373.74	0	0	117131373.74	0	0	0	0	0	117131373.74	0	0	0	0	0	117131373.74	0.607602142727831	0.607602142727831
"297"	"SE"	"Sweden"	"ERDF"	2015	944998230	0	0	0	944998230	17765966	0	0	17765966	0	0	0	0	0	17765966	0	0	0	0	0	17765966	1.8799999233861	1.8799999233861
"298"	"IE"	"Ireland"	"ERDF"	2016	409206529	0	0	0	409206529	13462894.8	0	0	13462894.8	7693082.74	0	0	0	0	21155977.54	0	0	0	0	0	21155977.54	5.16999999772731	5.16999999772731
"299"	"MT"	"Malta"	"TOTAL"	2022	584508391	0	0	0	584508391	16979110.17	0	0	16979110.17	97818159.86	24133634.34	0	54440708.96	0	36222926.73	353690665.54	0	0	0	377824299.88	414047226.61	70.8368319403647	70.8368319403647
"300"	"DK"	"Denmark"	"ERDF"	2014	206615841	0	0	0	206615841	1942188.91	0	0	1942188.91	0	0	0	0	0	1942188.91	0	0	0	0	0	1942188.91	0.940000002226354	0.940000002226354
"301"	"SE"	"Sweden"	"ERDF"	2019	934750041	19872	0	0	934730169	26648949	0	0	26648949	90508702.96	19606878.09	0	45640205.96	0	51910567.91	336747465.41	1333879.85	0	0	355020463.65	406931031.56	43.5345990806466	43.5336735716709
"302"	"SK"	"Slovakia"	"ERDF"	2015	7360295382	0	0	0	7360295382	138373553.16	0	0	138373553.16	0	0	0	0	0	138373553.16	0	0	0	0	0	138373553.16	1.87999999970653	1.87999999970653
"303"	"UK"	"United Kingdom"	"TOTAL"	2022	5861030512	58022554	0	0	5803007958	164281476.84	0	0	164281476.84	959551429.66	275650674.08	0	483301407.36	0	364880825.06	3850815752.73	17075633.36	0	0	4109390793.45	4474271618.51	77.1026276526433	76.3393333194441
"304"	"RO"	"Romania"	"TOTAL"	2024	18911134853	0	0	0	18911134853	1129302729.02	0	0	1129302729.02	3304685776.16	941664619.38	0	1962973200.26	0	1529350685.54	16506961038.29	97679377	0	0	17350946280.67	18880296966.21	99.8369326482535	99.8369326482535
"305"	"IE"	"Ireland"	"ERDF"	2018	410775098	0	0	0	410775098	13462894.8	0	0	13462894.8	28408773.79	691346.69	0	17098907.15	0	24081414.75	73601616.8	0	0	0	74292963.49	98374378.24	23.9484766041003	23.9484766041003
"306"	"CY"	"Cyprus"	"ERDF"	2017	299898560	0	0	0	299898560	10988443.09	0	0	10988443.09	12698449.81	0	0	5491221.54	0	18195671.36	58326285.47	0	0	0	58326285.47	76521956.83	25.5159467354561	25.5159467354561
"307"	"EE"	"Estonia"	"TOTAL"	2015	2947583275	0	0	0	2947583275	55414565.56	0	0	55414565.56	0	0	0	0	0	55414565.56	12769753.42	0	0	0	12769753.42	68184318.98	2.31322790973565	2.31322790973565
"308"	"DK"	"Denmark"	"TOTAL"	2022	362448078	0	0	0	362448078	24291911.58	0	0	24291911.58	39577327.44	8181069.95	0	18738305.81	0	36949863.26	151479526.95	0	0	0	159660596.9	196610460.16	54.2451380194655	54.2451380194655
"309"	"SK"	"Slovakia"	"TOTAL"	2014	11528546809	0	0	0	11528546809	88021765.46	0	0	88021765.46	0	0	0	0	0	88021765.46	0	0	0	0	0	88021765.46	0.763511368070119	0.763511368070119
"310"	"CY"	"Cyprus"	"CF"	2022	258856192	0	0	0	258856192	10134768	0	0	10134768	45979079.43	14853629.95	0	21688983.1	0	19571234.38	194389619.81	0	0	0	209243249.76	228814484.14	88.394441087969	88.394441087969
"311"	"ES"	"Spain"	"ERDF"	2017	20565226649	0	0	0	20565226649	638552276.36	0	0	638552276.36	843751872.28	16000732	0	348886283.02	0	1117417133.62	1106670328.48	0	0	0	1122671060.48	2240088194.1	10.8926015372115	10.8926015372115
"312"	"EE"	"Estonia"	"ERDF"	2014	1874261393	0	0	0	1874261393	17618057.09	0	0	17618057.09	0	0	0	0	0	17618057.09	0	0	0	0	0	17618057.09	0.939999999775912	0.939999999775912
"313"	"PL"	"Poland"	"CF"	2020	23139930966	0	0	0	23139930966	654465290.97	0	0	654465290.97	2890468785.12	709435186.67	0	1149114116.68	0	1686384772.74	12000402635.06	193650.61	0	0	12709644171.12	14396028943.86	62.2129295243465	62.2129295243465
"314"	"CY"	"Cyprus"	"ERDF"	2025	367214564	0	0	0	367214564	17952476.59	0	0	17952476.59	52497936.28	29983049.23	0	22939491.7	0	17527871.94	319703642.83	0	0	0	349686692.06	367214564	100	100
"315"	"FR"	"France"	"TOTAL"	2020	8482341975	1961802	0	0	8480380173	237689732.43	0	0	237689732.43	1049748037.71	140107388.73	0	515355283.6	0	631975097.81	3255499379.78	12373816.33	0	0	3383232952.18	4015208049.99	47.3470288840788	47.3360784300376
"316"	"CZ"	"Czechia"	"CF"	2023	6143946095	0	0	0	6143946095	176501705.37	0	0	176501705.37	1134669899.47	413380930.42	0	517169748.7	0	380620925.72	5349944238.86	0	0	0	5763325169.28	6143946095	100	100
"317"	"SI"	"Slovenia"	"TOTAL"	2024	2586473468	0	0	0	2586473468	100469478.51	0	0	100469478.51	418039558.84	134548156.92	0	259942057.16	0	124018823.27	2344826783.19	16920295.38	0	0	2462454644.73	2586473468	100	100
"318"	"BG"	"Bulgaria"	"TOTAL"	2018	5845974756	0	0	0	5845974756	164856488.07	0	0	164856488.07	405272199.88	37537325.18	0	216616427.29	0	315974935.48	1013586387.19	0	0	0	1051123712.37	1367098647.85	23.3852985158186	23.3852985158186
"319"	"CY"	"Cyprus"	"TOTAL"	2018	594767585	0	0	0	594767585	21123211.09	0	0	21123211.09	39791517.41	3496813.5	0	20919961.81	0	36497953.19	196034703.36	0	0	0	199531516.86	236029470.05	39.6843197246535	39.6843197246535
"320"	"FI"	"Finland"	"TOTAL"	2019	791976209	0	0	0	791976209	22252604.61	0	0	22252604.61	76181840.74	13914459.75	0	40864223.98	0	43655761.62	332936165.4	0	0	0	346850625.15	390506386.77	49.3078431311817	49.3078431311817
"321"	"AT"	"Austria"	"TOTAL"	2015	536262079	0	0	0	536262079	10081727.08	0	0	10081727.08	0	0	0	0	0	10081727.08	0	0	0	0	0	10081727.08	1.87999999903032	1.87999999903032
"322"	"LV"	"Latvia"	"TOTAL"	2025	3912472250	0	0	0	3912472250	133257057.36	0	0	133257057.36	701225946.38	84805267.26	0	517444876.99	0	232232859.49	3598524388.93	3090265.68	0	0	3680239390.51	3912472250	100	100
"323"	"TC"	"Interreg"	"ERDF"	2017	9260255380	0	0	0	9260255380	277009954.59	0	0	277009954.59	427399386.11	169395.88	0	184517809.7	0	519722135.12	248903394.38	0	0	0	249072790.26	768794925.38	8.30209204640747	8.30209204640747
"324"	"FI"	"Finland"	"TOTAL"	2015	789099456	0	0	0	789099456	14835069.74	0	0	14835069.74	0	0	0	0	0	14835069.74	0	0	0	0	0	14835069.74	1.87999999584336	1.87999999584336
"325"	"EE"	"Estonia"	"TOTAL"	2018	2922618697	0	0	0	2922618697	83121848.34	0	0	83121848.34	203579001.14	23212733.42	0	84754998.05	0	178733118.01	756401349.41	0	0	0	779614082.83	958347200.84	32.7907024554288	32.7907024554288
"326"	"ES"	"Spain"	"ERDF"	2022	29101440102	2111646	0	0	29099328456	1684672125.11	0	21531983.27	1663140141.84	3425783190.75	571530000	0	1845521789.07	0	2671871543.52	16047507592.05	192750753.43	0	0	16426286838.62	19098158382.14	65.6309248201985	65.6261625376659
"327"	"BG"	"Bulgaria"	"CF"	2017	2278307144	0	0	0	2278307144	64248261.45	0	0	64248261.45	99049403.07	0	0	42832174.3	0	120465490.22	112815351.15	0	0	0	112815351.15	233280841.37	10.2392182715291	10.2392182715291
"328"	"DE"	"Germany"	"ERDF"	2023	12288205012	0	0	0	12288205012	480506440.17	0	0	480506440.17	2057845907.31	566176906.55	0	1047230134.29	0	924945306.64	8870919417.94	3025634.91	0	0	9434070689.58	10359015996.22	84.3004815276433	84.3004815276433
"329"	"PL"	"Poland"	"CF"	2021	23139930966	0	0	0	23139930966	654465290.97	0	0	654465290.97	3353267404.44	974422000.91	0	1538592593.41	0	1494718101.09	15413863761.31	193650.61	0	0	16388092111.61	17882810212.7	77.2811735651917	77.2811735651917
"330"	"MT"	"Malta"	"ERDF"	2014	384353997	0	0	0	384353997	3612927.57	0	0	3612927.57	0	0	0	0	0	3612927.57	0	0	0	0	0	3612927.57	0.939999999531682	0.939999999531682
"331"	"BG"	"Bulgaria"	"TOTAL"	2016	5845974756	0	0	0	5845974756	164856488.07	0	0	164856488.07	109904325.38	0	0	0	0	274760813.45	215671108.03	0	0	0	215671108.03	490431921.48	8.38922407211298	8.38922407211298
"332"	"SK"	"Slovakia"	"CF"	2020	3991001427	0	0	0	3991001427	117544690.23	0	0	117544690.23	519155715.18	48084982.1	0	240879048.05	0	347736375.26	1721136063.72	17581484.69	0	0	1751639561.13	2099375936.39	52.6027357992724	52.6027357992724
"333"	"LT"	"Lithuania"	"TOTAL"	2017	5550329393	0	0	0	5550329393	156519288.87	0	0	156519288.87	241300570.36	0	0	104346192.58	0	293473666.65	627382519.44	0	0	0	627382519.44	920856186.09	16.59101867452	16.59101867452
"334"	"PT"	"Portugal"	"ERDF"	2025	12707935176	0	0	0	12707935176	553394273.89	0	0	553394273.89	1943225820.81	880685176.96	0	915799293.89	0	700135623.85	11144410716.29	17296341.1	0	0	12007799552.15	12707935176	100	100
"335"	"CZ"	"Czechia"	"ERDF"	2022	12848248555	0	0	0	12848248555	712376659.74	0	0	712376659.74	1994878757.79	580015170.18	0	1006887209.31	0	1120353038.04	8665717019.86	15959292.83	0	0	9229772897.21	10350125935.25	80.5567069390338	80.5567069390338
"336"	"MT"	"Malta"	"CF"	2015	217742109	0	0	0	217742109	4093551.64	0	0	4093551.64	0	0	0	0	0	4093551.64	0	0	0	0	0	4093551.64	1.87999999577482	1.87999999577482
"337"	"CZ"	"Czechia"	"ERDF"	2025	12848248555	0	0	0	12848248555	712376659.74	0	0	712376659.74	2248771495.71	923580532.16	37210057.17	1184607777.42	0	815749788.7	11085923278.48	16009566.99	0	0	12030704300.82	12846454089.52	99.9860333844546	99.9860333844546
"338"	"EU28"	"EU28"	"ERDF"	2020	200405616341	198871609	0	0	200206744732	5877997173.05	537270092.92	21531983.27	6393735282.7	24725027853.06	3236079920.84	0	12200365460.86	0	15682317754.06	82857828947.4701	541039933.9	0	0	85552868934.41	101235186688.47	50.5653227737083	50.5151445038413
"339"	"CY"	"Cyprus"	"CF"	2024	258856192	0	0	0	258856192	10134768	0	0	10134768	51156203.27	21385187.23	0	25511673.5	0	14394110.54	223076894.23	0	0	0	244462081.46	258856192	100	100
"340"	"EE"	"Estonia"	"TOTAL"	2025	3112781061	0	0	0	3112781061	155343307.29	0	0	155343307.29	548319872.3	129197423.35	0	356673815.12	0	217791941.12	2971046041.66	205254345.13	0	0	2894989119.88	3112781061	100	100
"341"	"FI"	"Finland"	"TOTAL"	2014	789099456	0	0	0	789099456	7395703.03	0	0	7395703.03	0	0	0	0	0	7395703.03	0	0	0	0	0	7395703.03	0.937233320054399	0.937233320054399
"342"	"HR"	"Croatia"	"CF"	2020	2130755644	0	0	0	2130755644	72179196.39	0	0	72179196.39	314754700	11507073.97	0	169043028.57	0	206383793.85	436028644.5	0	0	0	447535718.47	653919512.32	30.6895590848896	30.6895590848896
"343"	"RO"	"Romania"	"TOTAL"	2018	17661077676	0	0	0	17661077676	664056520.67	0	0	664056520.67	1224354209.94	0	0	767815351.99	0	1120595378.62	2229714594.22	0	0	0	2229714594.22	3350309972.84	18.9700200310698	18.9700200310698
"344"	"LU"	"Luxembourg"	"TOTAL"	2014	19502403	0	0	0	19502403	183322.59	0	0	183322.59	0	0	0	0	0	183322.59	0	0	0	0	0	183322.59	0.940000009229632	0.940000009229632
"345"	"MT"	"Malta"	"CF"	2024	204992109	0	0	0	204992109	6140327.46	0	0	6140327.46	39419306.16	14763487.05	0	22342003.18	0	8454143.39	181774478.56	0	0	0	196537965.61	204992109	100	100
"346"	"BG"	"Bulgaria"	"TOTAL"	2021	6020735225	0	0	0	6020735225	185399620.46	0	0	185399620.46	838085152.11	186184011.31	0	435236981.65	0	402063779.61	2853636721.53	0	0	0	3039820732.84	3441884512.45	57.1671794859572	57.1671794859572
"347"	"RO"	"Romania"	"TOTAL"	2022	18911134853	0	0	0	18911134853	1129302729.02	0	0	1129302729.02	2931131475.22	458547420.53	0	1694272360.78	0	1907614422.93	11766254896.64	11907266.25	0	0	12212895050.92	14120509473.85	74.6677001862211	74.6677001862211
"348"	"AT"	"Austria"	"TOTAL"	2016	536262079	0	0	0	536262079	15122590.62	0	0	15122590.62	10081727.08	0	0	0	0	25204317.7	0	0	0	0	0	25204317.7	4.69999999757581	4.69999999757581
"349"	"LV"	"Latvia"	"TOTAL"	2020	3712517750	0	0	0	3712517750	105768813.51	0	0	105768813.51	467145593.02	31088005.44	0	231312971.94	0	310513429.15	1673735123.4	1507380.69	0	0	1703315748.15	2013829177.3	54.2442976144693	54.2442976144693
"350"	"HR"	"Croatia"	"ERDF"	2015	4321499588	0	0	0	4321499588	81244192.26	0	0	81244192.26	0	0	0	0	0	81244192.26	0	0	0	0	0	81244192.26	1.88000000012958	1.88000000012958
"351"	"EE"	"Estonia"	"CF"	2023	1061534677	0	0	0	1061534677	30267677.07	0	0	30267677.07	196418673.35	38388453.92	0	92600104.84	0	95697791.66	1084600988.28	135725459.54	0	0	987263982.66	1082961774.32	102.018501871324	102.018501871324
"352"	"TC"	"Interreg"	"ERDF"	2019	9410256783	219823	0	0	9410036960	277009954.59	0	0	277009954.59	954666403.28	48967413.53	0	635154107.2	0	547554837.14	2170928508.21	663480.35	0	0	2219232441.39	2766787278.53	29.4025123417794	29.4018255009609
"353"	"RO"	"Romania"	"ERDF"	2015	10726080699	0	0	0	10726080699	302475475.74	0	0	302475475.74	0	0	0	0	0	302475475.74	0	0	0	0	0	302475475.74	2.82000000026291	2.82000000026291
"354"	"SE"	"Sweden"	"TOTAL"	2024	1008026234	19872	0	0	1008006362	35269351.35	0	0	35269351.35	177032301.79	79331844.15	0	86056740.85	0	46913068.14	874058449.59	1692594.81	0	0	951697698.93	998610767.07	99.0679032113093	99.0659502091887
"355"	"SE"	"Sweden"	"TOTAL"	2019	934750041	19872	0	0	934730169	26648949	0	0	26648949	90508702.96	19606878.09	0	45640205.96	0	51910567.91	336747465.41	1333879.85	0	0	355020463.65	406931031.56	43.5345990806466	43.5336735716709
"356"	"EU28"	"EU28"	"CF"	2025	61455291487	20507335	0	0	61434784152	1899468771.83	213640339.36	0	2113109111.19	11513212152.62	3820369154.86	188775706.73	6448250457.89	0	3168925944.33	55481636833.38	1224923487.3	0	0	58265858207.67	61434784152	100	99.9666304812754
"357"	"AT"	"Austria"	"ERDF"	2017	536262079	0	0	0	536262079	15122590.62	0	0	15122590.62	23313993.89	0	0	10081727.08	0	28354857.43	33441668.05	0	0	0	33441668.05	61796525.48	11.5235680276397	11.5235680276397
"358"	"LT"	"Lithuania"	"ERDF"	2023	3683799188	0	0	0	3683799188	205241059.83	0	0	205241059.83	650736307.51	160466938.86	0	331980660.39	0	363529768.09	3160641326.11	838845.06	0	0	3320269419.91	3683799188	100	100
"359"	"LT"	"Lithuania"	"ERDF"	2021	3642321924	0	0	0	3642321924	124773450.23	0	0	124773450.23	508947274.07	67272448	0	274202734.59	0	292245541.71	2248006473.35	838845.06	0	0	2314440076.29	2606685618	71.5665905537898	71.5665905537898
"360"	"EE"	"Estonia"	"ERDF"	2025	2051246384	0	0	0	2051246384	125075630.22	0	0	125075630.22	351901198.95	90808969.43	0	222664565.36	0	163503294.38	1839999562.81	43065442.62	0	0	1887743089.62	2051246384	100	100
"361"	"DK"	"Denmark"	"ERDF"	2021	329718140	0	0	0	329718140	19367819.62	0	0	19367819.62	32328365.88	5000028.61	0	15324984.35	0	31371172.54	117363065.74	0	0	0	122363094.35	153734266.89	46.6259657081652	46.6259657081652
"362"	"HU"	"Hungary"	"TOTAL"	2020	16829123749	0	0	0	16829123749	473258257.29	0	0	473258257.29	2091976072.46	156770503.79	0	1055119337.28	0	1353344488.68	9867723138.9	882229081.44	0	0	9142264561.25	10495609049.93	62.3657488438972	62.3657488438972
"363"	"SK"	"Slovakia"	"ERDF"	2021	7273406331	147316596	0	0	7126089735	228999439.08	0	0	228999439.08	1048470799.23	71707297.96	0	654562418.24	0	551200522.11	2684670526.47	37469637.84	0	0	2718908186.59	3270108708.7	45.8892440357405	44.9597968253535
"364"	"PT"	"Portugal"	"CF"	2016	2861742164	0	0	0	2861742164	94151317.19	0	0	94151317.19	53800752.68	0	0	0	0	147952069.87	39981122.93	0	0	0	39981122.93	187933192.8	6.56709032575165	6.56709032575165
"365"	"GR"	"Greece"	"ERDF"	2014	8165716612	0	0	0	8165716612	17858550.19	0	0	17858550.19	0	0	0	0	0	17858550.19	0	0	0	0	0	17858550.19	0.218701567034004	0.218701567034004
"366"	"LU"	"Luxembourg"	"ERDF"	2025	89189782	0	0	0	89189782	11003074.62	0	0	11003074.62	6386663.66	4024915.67	0	2166963.63	0	11197858.98	74689590.79	1030974.31	0	0	77683532.15	88881391.13	99.654230716698	99.654230716698
"367"	"IE"	"Ireland"	"TOTAL"	2020	470775098	0	0	0	470775098	13462894.8	0	0	13462894.8	51093793.67	9257936.89	0	25627136.44	0	29671615.14	221943437.5	0	0	0	231201374.39	260872989.53	55.4135064998701	55.4135064998701
"368"	"GR"	"Greece"	"ERDF"	2020	9095012525	0	0	0	9095012525	307011481.72	537270092.92	0	844281574.64	1052468134.69	166775320.51	0	459994590.58	0	1269979798.24	5020628566.01	17233.23	0	0	5187386653.29	6457366451.53	70.9989836053579	70.9989836053579
"369"	"CZ"	"Czechia"	"CF"	2019	6143946095	0	0	0	6143946095	176501705.37	0	0	176501705.37	596967945.54	79614858.7	0	351312943.63	0	342541848.58	2206409467	0	0	0	2286024325.7	2628566174.28	42.7830279373569	42.7830279373569
"370"	"EE"	"Estonia"	"ERDF"	2015	1874261393	0	0	0	1874261393	35236114.18	0	0	35236114.18	0	0	0	0	0	35236114.18	2843575.1	0	0	0	2843575.1	38079689.28	2.03171710318636	2.03171710318636
"371"	"DE"	"Germany"	"ERDF"	2020	10758006795	0	0	0	10758006795	303822367.17	0	0	303822367.17	1341882121.81	169941707.41	0	669443281	0	806319500.57	3825656107.21	1197358.27	0	0	3994400456.35	4800719956.92	44.6246228358141	44.6246228358141
"372"	"CZ"	"Czechia"	"CF"	2025	6143946095	0	0	0	6143946095	176501705.37	0	0	176501705.37	1134669899.47	478283153.91	159348782.48	576676428.82	0	96863239.63	5409450918.98	0	0	0	6047082855.37	6143946095	100	100
"373"	"BG"	"Bulgaria"	"CF"	2020	2206897416	0	0	0	2206897416	64248261.45	0	0	64248261.45	283763154.75	27596138.58	0	141842830.18	0	178572447.44	594166594.73	0	0	0	621762733.31	800335180.75	36.2651736753857	36.2651736753857
"374"	"SI"	"Slovenia"	"CF"	2015	895370363	0	0	0	895370363	16832962.84	0	0	16832962.84	0	0	0	0	0	16832962.84	0	0	0	0	0	16832962.84	1.8800000017423	1.8800000017423
"375"	"LT"	"Lithuania"	"CF"	2019	2048917626	0	0	0	2048917626	57779477.04	0	0	57779477.04	197413213.23	9168302.5	0	156416953.85	0	89607433.92	770464732.53	0	0	0	779633035.03	869240468.95	42.4243736263314	42.4243736263314
"376"	"CY"	"Cyprus"	"TOTAL"	2019	594767585	0	0	0	594767585	21123211.09	0	0	21123211.09	55865111.43	12759681.39	0	27031836.02	0	37196805.11	231061770.79	0	0	0	243821452.18	281018257.29	47.2484150746043	47.2484150746043
"377"	"UK"	"United Kingdom"	"ERDF"	2023	5851663462	58022554	0	0	5793640908	164281476.84	0	0	164281476.84	1075492112.92	343865663.13	0	531264455.99	0	364643470.64	4580463308.94	17075633.36	0	0	4907253338.71	5271896809.35	90.9945385477798	90.0922762148757
"378"	"EU28"	"EU28"	"CF"	2020	61455291487	0	0	0	61455291487	1899468771.83	213640339.36	0	2113109111.19	7886536387.7	1192718696.1	0	3628361990.31	0	5178564812.48	29279158010.72	722483375.33	0	0	29749393331.49	34927958143.97	56.8347448996455	56.8347448996455
"379"	"GR"	"Greece"	"CF"	2017	3265667753	0	0	0	3265667753	122080193.92	213640339.36	0	335720533.28	140985926.49	10498718.49	0	50541378.47	0	415666362.81	364513938.51	0	0	0	375012657	790679019.81	24.2118635333813	24.2118635333813
"380"	"GR"	"Greece"	"CF"	2016	3240570063	0	0	0	3240570063	122080193.92	213640339.36	0	335720533.28	61040096.96	0	0	0	0	396760630.24	11902974.91	0	0	0	11902974.91	408663605.15	12.6108554113986	12.6108554113986
"381"	"NL"	"Netherlands"	"ERDF"	2014	507318228	0	0	0	507318228	4768791.34	0	0	4768791.34	0	0	0	0	0	4768791.34	0	0	0	0	0	4768791.34	0.939999999369232	0.939999999369232
"382"	"ES"	"Spain"	"ERDF"	2018	20681351741	0	0	0	20681351741	638552276.36	0	0	638552276.36	1375171374.83	16000732	0	827751140.28	0	1169971778.91	2993154595.03	77194386.94	0	0	2931960940.09	4101932719	19.8339681582228	19.8339681582228
"383"	"LT"	"Lithuania"	"CF"	2025	2039817626	0	0	0	2039817626	57779477.04	0	0	57779477.04	377581747.83	47708185.15	0	298045605.8	0	89607433.92	1925007568.92	22505561.99	0	0	1950210192.08	2039817626	100	100
"384"	"CZ"	"Czechia"	"CF"	2018	6143946095	0	0	0	6143946095	176501705.37	0	0	176501705.37	430927802.33	23550213.82	0	248556581.96	0	335322711.92	1471091221.88	0	0	0	1494641435.7	1829964147.62	29.7848340353969	29.7848340353969
"385"	"HU"	"Hungary"	"ERDF"	2021	11126288158	0	0	0	11126288158	345656643.22	0	0	345656643.22	1556341187.17	187524742.37	0	906727062.58	0	807746025.44	7652572603.79	298198047.64	0	0	7541899298.52	8349645323.96	75.0443023350645	75.0443023350645
"386"	"NL"	"Netherlands"	"TOTAL"	2024	791056051	0	0	0	791056051	47368625.97	0	0	47368625.97	109683026.38	41798836.82	0	60311237.05	0	54941578.48	687037590.9	0	0	0	728836427.72	783778006.2	99.0799583934919	99.0799583934919
"387"	"FR"	"France"	"TOTAL"	2019	8426107776	1487649	0	0	8424620127	237689732.43	0	0	237689732.43	812102934.75	69413804.19	0	510113953.33	0	470264909.66	2226763145.09	12373816.33	0	0	2283803132.95	2754068042.61	32.6907089114144	32.6849372904342
"388"	"ES"	"Spain"	"TOTAL"	2017	20565226649	0	0	0	20565226649	638552276.36	0	0	638552276.36	843751872.28	16000732	0	348886283.02	0	1117417133.62	1106670328.48	0	0	0	1122671060.48	2240088194.1	10.8926015372115	10.8926015372115
"389"	"SK"	"Slovakia"	"TOTAL"	2015	11528546809	0	0	0	11528546809	216736679.98	0	0	216736679.98	0	0	0	0	0	216736679.98	0	0	0	0	0	216736679.98	1.87999999974672	1.87999999974672
"390"	"DK"	"Denmark"	"ERDF"	2025	362448078	0	0	0	362448078	24291911.58	0	0	24291911.58	46826289	11415134.16	0	30002164.72	0	29700901.7	323654756.92	2322714.78	0	0	332747176.3	362448078	100	100
"391"	"RO"	"Romania"	"CF"	2017	6934996977	0	0	0	6934996977	260755886.36	0	0	260755886.36	301498993.61	0	0	130377943.18	0	431876936.79	690437458.34	0	0	0	690437458.34	1122314395.13	16.1833436820833	16.1833436820833
"392"	"SI"	"Slovenia"	"CF"	2017	914046895	0	0	0	914046895	25249444.26	0	0	25249444.26	38926226.57	0	0	16832962.84	0	47342707.99	90200522.69	0	0	0	90200522.69	137543230.68	15.047721449784	15.047721449784
"393"	"CY"	"Cyprus"	"ERDF"	2019	299898560	0	0	0	299898560	10988443.09	0	0	10988443.09	28555586.2	7775514	0	12675313.6	0	19093201.69	141858635.24	0	0	0	149634149.24	168727350.93	56.2614741898061	56.2614741898061
"394"	"LU"	"Luxembourg"	"TOTAL"	2022	89189782	0	0	0	89189782	11003074.62	0	0	11003074.62	4602868.02	1266464.38	0	1357823.64	0	12981654.62	37294363.38	830013.35	0	0	37730814.41	50712469.03	56.8590570498311	56.8590570498311
"395"	"IT"	"Italy"	"ERDF"	2016	20650352961	0	0	0	20650352961	582340156.41	0	0	582340156.41	388226770.94	0	0	0	0	970566927.35	29402104.52	0	0	0	29402104.52	999969031.87	4.84238227675105	4.84238227675105
"396"	"TC"	"Interreg"	"TOTAL"	2015	9234360279	0	0	0	9234360279	184666351.8	0	0	184666351.8	0	0	0	0	0	184666351.8	0	0	0	0	0	184666351.8	1.99977417190396	1.99977417190396
"397"	"LU"	"Luxembourg"	"ERDF"	2026	89189782	0	0	0	89189782	11003074.62	0	0	11003074.62	6386663.66	4024915.67	0	2166963.63	0	11197858.98	74689590.79	1030974.31	0	0	77683532.15	88881391.13	99.654230716698	99.654230716698
"398"	"CY"	"Cyprus"	"ERDF"	2021	346325450	0	0	0	346325450	16095400.99	0	0	16095400.99	43010696.81	15769867.32	0	18842304.23	0	24493926.25	215818125.42	0	0	0	231587992.74	256081918.99	73.9425644260334	73.9425644260334
"399"	"LT"	"Lithuania"	"TOTAL"	2019	5550329393	0	0	0	5550329393	156519288.87	0	0	156519288.87	534774236.99	20102258.67	0	388218368.44	0	282972898.75	1744087314.88	838845.06	0	0	1763350728.49	2046323627.24	36.8685078370447	36.8685078370447
"400"	"PL"	"Poland"	"CF"	2018	23207989042	0	0	0	23207989042	654465290.97	0	0	654465290.97	1608893840.3	249413037.5	0	759554286.08	0	1254391807.69	6173934704.85	193650.61	0	0	6423154091.74	7677545899.43	33.0814784750879	33.0814784750879
"401"	"SI"	"Slovenia"	"ERDF"	2014	1390392899	0	0	0	1390392899	0	0	0	0	0	0	0	0	0	0	0	0	0	0	0	0	0	0
"402"	"LT"	"Lithuania"	"ERDF"	2020	3405652484	0	0	0	3405652484	98739811.83	0	0	98739811.83	436100835.59	10933956.17	0	231801414.59	0	292105276.66	1676260184.79	838845.06	0	0	1686355295.9	1978460572.56	58.0934367747429	58.0934367747429
"403"	"HR"	"Croatia"	"ERDF"	2022	4833056928	0	0	0	4833056928	126591087.84	0	0	126591087.84	727522703.79	222388724.04	0	349123307.82	0	282601759.77	2852833177.02	0	0	0	3075221901.06	3357823660.83	69.4761868286026	69.4761868286026
"404"	"LV"	"Latvia"	"CF"	2017	1349414695	0	0	0	1349414695	38053494.39	0	0	38053494.39	58665803.86	7256832.69	0	18112163.57	0	71350301.99	137733018.28	0	0	0	144989850.97	216340152.96	16.0321474015073	16.0321474015073
"405"	"SI"	"Slovenia"	"CF"	2025	914046895	0	0	0	914046895	25249444.26	0	0	25249444.26	167875392.35	42326503.67	0	112185585.64	0	38612747.3	840721737.67	7614093.64	0	0	875434147.7	914046895	100	100
"406"	"MT"	"Malta"	"ERDF"	2016	384353997	0	0	0	384353997	10838782.71	0	0	10838782.71	7225855.14	0	0	0	0	18064637.85	12432976.03	0	0	0	12432976.03	30497613.88	7.93477214183882	7.93477214183882
"407"	"HR"	"Croatia"	"ERDF"	2016	4321499588	0	0	0	4321499588	121866288.39	0	0	121866288.39	81244192.26	0	0	0	0	203110480.65	0	0	0	0	0	203110480.65	4.70000000032396	4.70000000032396
"408"	"GR"	"Greece"	"TOTAL"	2021	13478298513	0	0	0	13478298513	605958734.47	750910432.28	0	1356869166.75	1727784044.53	279262383.78	0	919809646.65	0	1885581180.85	8536224654.61	35560051.32	0	0	8779926987.07	10665508167.92	79.1309686280726	79.1309686280726
"409"	"NL"	"Netherlands"	"ERDF"	2022	791056051	0	0	0	791056051	47368625.97	0	0	47368625.97	93861905.36	21138399.02	0	49329432.81	0	70762699.5	364096190.42	0	0	0	385234589.44	455997288.94	57.6441186896376	57.6441186896376
"410"	"LV"	"Latvia"	"TOTAL"	2023	3912472250	0	0	0	3912472250	133257057.36	0	0	133257057.36	701225946.38	63568235.04	0	460432464.21	0	310482304.49	3203518604.51	3090265.68	0	0	3263996573.87	3574478878.36	91.3611305066764	91.3611305066764
"411"	"BG"	"Bulgaria"	"ERDF"	2016	3567667612	0	0	0	3567667612	100608226.62	0	0	100608226.62	67072151.08	0	0	0	0	167680377.7	213767218.27	0	0	0	213767218.27	381447595.97	10.691791877892	10.691791877892
"412"	"LT"	"Lithuania"	"TOTAL"	2025	5723616814	0	0	0	5723616814	263020536.87	0	0	263020536.87	1028318055.34	275800842.88	0	680765217.17	0	334772532.16	5136387846.01	23344407.05	0	0	5388844281.84	5723616814	100	100
"413"	"LT"	"Lithuania"	"TOTAL"	2018	5550329393	0	0	0	5550329393	156519288.87	0	0	156519288.87	384776585.16	20102258.67	0	221198311.69	0	299995303.67	1343328605.59	0	0	0	1363430864.26	1663426167.93	29.9698639512799	29.9698639512799
"414"	"HU"	"Hungary"	"CF"	2020	6025427012	0	0	0	6025427012	169917041.73	0	0	169917041.73	750466934.33	9892943.79	0	412069289.18	0	498421743.09	3924583052.9	678730658.48	0	0	3255745338.21	3754167081.3	62.3054112816129	62.3054112816129
"415"	"LV"	"Latvia"	"ERDF"	2023	2665837658	0	0	0	2665837658	95203562.97	0	0	95203562.97	458358270.63	36839401.8	0	303381261.66	0	213341170.14	2270962201.79	1507380.69	0	0	2306294222.9	2519635393.04	94.5157101175589	94.5157101175589
"416"	"IE"	"Ireland"	"ERDF"	2020	470775098	0	0	0	470775098	13462894.8	0	0	13462894.8	51093793.67	9257936.89	0	25627136.44	0	29671615.14	221943437.5	0	0	0	231201374.39	260872989.53	55.4135064998701	55.4135064998701
"417"	"DK"	"Denmark"	"TOTAL"	2020	206615841	0	0	0	206615841	5826566.73	0	0	5826566.73	25734003.08	2829554.48	0	11668891.75	0	17062123.58	82568697.37	0	0	0	85398251.85	102460375.43	49.5897966652034	49.5897966652034
"418"	"HU"	"Hungary"	"CF"	2023	6025427012	0	0	0	6025427012	169917041.73	0	0	169917041.73	1057978376.07	48578628.67	0	784317726.51	0	394999062.62	6489133917.54	948297163.96	0	0	5589415382.25	5984414444.87	99.3193417321574	99.3193417321574
"419"	"MT"	"Malta"	"CF"	2016	217742109	0	0	0	217742109	6140327.46	0	0	6140327.46	4093551.64	0	0	0	0	10233879.1	0	0	0	0	0	10233879.1	4.69999998943705	4.69999998943705
"420"	"LV"	"Latvia"	"ERDF"	2015	2401252452	0	0	0	2401252452	45143546.08	0	0	45143546.08	0	0	0	0	0	45143546.08	0	0	0	0	0	45143546.08	1.87999999926705	1.87999999926705
"421"	"SE"	"Sweden"	"ERDF"	2014	936493246	0	0	0	936493246	6762605	0	0	6762605	0	0	0	0	0	6762605	0	0	0	0	0	6762605	0.7221199970085	0.7221199970085
"422"	"LV"	"Latvia"	"CF"	2014	1349414695	0	0	0	1349414695	12684498.13	0	0	12684498.13	0	0	0	0	0	12684498.13	0	0	0	0	0	12684498.13	0.939999999777682	0.939999999777682
"423"	"CY"	"Cyprus"	"TOTAL"	2022	626070756	0	0	0	626070756	28087244.59	0	0	28087244.59	95916285.24	36621468.47	0	40531287.33	0	46850774.03	451918962.55	0	0	0	488540431.02	535391205.05	85.5160858288037	85.5160858288037
"424"	"IE"	"Ireland"	"ERDF"	2022	470775098	0	0	0	470775098	13462894.8	0	0	13462894.8	69924797.59	18673438.85	0	37210976.38	0	27503277.16	427237483.98	7493314.51	0	0	438417608.32	465920885.48	98.9688892762973	98.9688892762973
"425"	"GR"	"Greece"	"ERDF"	2023	10980751660	0	0	0	10980751660	548193834.67	537270092.92	0	1085463927.59	1468949559.57	669612991.61	0	805599222.47	0	1079201273.08	9276012329.44	47750350.58	0	0	9897874970.47	10977076243.55	99.9665285532011	99.9665285532011
"426"	"RO"	"Romania"	"TOTAL"	2021	18694958139	0	0	0	18694958139	777783371.6	0	0	777783371.6	2552908778.16	259965447.74	0	1539632780.05	0	1531093921.97	8170856729.89	11907266.25	0	0	8418914911.38	9950008833.35	53.222953265635	53.222953265635
"427"	"EE"	"Estonia"	"ERDF"	2022	2051246384	0	0	0	2051246384	125075630.22	0	0	125075630.22	313117071.93	57449527.96	0	176808356.79	0	203934817.4	1615940701.87	26221421.52	0	0	1647168808.31	1851103625.71	90.2428708783528	90.2428708783528
"428"	"LV"	"Latvia"	"ERDF"	2016	2401252452	0	0	0	2401252452	67715319.12	0	0	67715319.12	45143546.08	0	0	0	0	112858865.2	61323887.47	0	0	0	61323887.47	174182752.67	7.25382924752137	7.25382924752137
"429"	"HR"	"Croatia"	"TOTAL"	2021	6862753895	0	0	0	6862753895	197510337.71	0	0	197510337.71	990252551.65	145408143.11	0	582789135.45	0	459565610.8	3103820688.47	529271.71	0	0	3248699559.87	3708265170.67	54.0346517944019	54.0346517944019
"430"	"PL"	"Poland"	"ERDF"	2015	40213870235	0	0	0	40213870235	756020760.48	0	0	756020760.48	0	0	0	0	0	756020760.48	0	0	0	0	0	756020760.48	1.88000000015418	1.88000000015418
"431"	"EU28"	"EU28"	"TOTAL"	2015	259751523052	0	0	0	259751523052	5330243368.17	375455216.14	0	5705698584.31	0	0	0	0	0	5705698584.31	468621801.2	0	0	0	468621801.2	6174320385.51	2.37701027234168	2.37701027234168
"432"	"AT"	"Austria"	"TOTAL"	2022	693957603	0	0	0	693957603	70841758.02	0	0	70841758.02	93872243.01	9827645.88	0	56477429.22	0	98408925.93	489400645.56	0	0	0	499228291.44	597637217.37	86.1201339658786	86.1201339658786
"433"	"IT"	"Italy"	"ERDF"	2017	21495538269	0	0	0	21495538269	582340156.41	0	0	582340156.41	897774407.87	0	0	388226770.94	0	1091887793.34	469026882.75	0	0	0	469026882.75	1560914676.09	7.2615752001944	7.2615752001944
"434"	"EE"	"Estonia"	"CF"	2015	1073321882	0	0	0	1073321882	20178451.38	0	0	20178451.38	0	0	0	0	0	20178451.38	9926178.32	0	0	0	9926178.32	30104629.7	2.80480908894765	2.80480908894765
"435"	"PT"	"Portugal"	"CF"	2014	2861742164	0	0	0	2861742164	40350564.51	0	0	40350564.51	0	0	0	0	0	40350564.51	0	0	0	0	0	40350564.51	1.40999999991614	1.40999999991614
"436"	"CZ"	"Czechia"	"TOTAL"	2025	18992194650	0	0	0	18992194650	888878365.11	0	0	888878365.11	3383441395.18	1401863686.07	196558839.65	1761284206.24	0	912613028.33	16495374197.46	16009566.99	0	0	18077787156.19	18990400184.52	99.9905515633497	99.9905515633497
"437"	"EE"	"Estonia"	"CF"	2020	1061534677	0	0	0	1061534677	30267677.07	0	0	30267677.07	132726592.73	26563959.22	0	32027934.58	0	104402376	663309308.47	0	0	0	689873267.69	794275643.69	74.8233346398725	74.8233346398725
"438"	"LV"	"Latvia"	"CF"	2015	1349414695	0	0	0	1349414695	25368996.26	0	0	25368996.26	0	0	0	0	0	25368996.26	0	0	0	0	0	25368996.26	1.87999999955536	1.87999999955536
"439"	"HR"	"Croatia"	"ERDF"	2021	4731998251	0	0	0	4731998251	125331141.32	0	0	125331141.32	632882738.77	133901069.14	0	342970997.7	0	281341813.25	2459505513.75	0	0	0	2593406582.89	2874748396.14	60.7512565232349	60.7512565232349
"440"	"FI"	"Finland"	"ERDF"	2021	885989090	0	0	0	885989090	32594021.52	0	0	32594021.52	115835351.59	28243382.39	0	53641608.67	0	66544382.05	542530720.05	0	0	0	570774102.44	637318484.49	71.9329946252498	71.9329946252498
"441"	"LU"	"Luxembourg"	"ERDF"	2021	89189782	0	0	0	89189782	8215579.46	0	0	8215579.46	2819072.38	876416.32	0	1357823.64	0	8800411.88	13600086.11	830013.35	0	0	13646489.08	22446900.96	25.1675701595503	25.1675701595503
"442"	"IT"	"Italy"	"TOTAL"	2017	21495538269	0	0	0	21495538269	582340156.41	0	0	582340156.41	897774407.87	0	0	388226770.94	0	1091887793.34	469026882.75	0	0	0	469026882.75	1560914676.09	7.2615752001944	7.2615752001944
"443"	"LT"	"Lithuania"	"CF"	2016	2048917626	0	0	0	2048917626	57779477.04	0	0	57779477.04	38519651.36	0	0	0	0	96299128.4	95004862.2	0	0	0	95004862.2	191303990.6	9.33683170921192	9.33683170921192
"444"	"UK"	"United Kingdom"	"TOTAL"	2024	5851663462	58022554	0	0	5793640908	164281476.84	0	0	164281476.84	1075492112.92	409456429.06	0	581614373.32	0	248702787.38	5128870594.33	17075633.36	0	0	5521251390.03	5769954177.41	99.5911598429013	98.6036571460302
"445"	"SI"	"Slovenia"	"CF"	2023	914046895	0	0	0	914046895	25249444.26	0	0	25249444.26	167875392.35	42326503.67	0	93904647.74	0	56893685.2	775127475.75	0	0	0	817453979.42	874347664.62	95.6567621861458	95.6567621861458
"446"	"AT"	"Austria"	"TOTAL"	2024	693957603	0	0	0	693957603	70841758.02	0	0	70841758.02	107049609.22	17400521.85	0	75961071.52	0	84529773.87	593680448.89	2472311.1	0	0	608608659.64	693138433.51	99.8819568390837	99.8819568390837
"447"	"DE"	"Germany"	"ERDF"	2021	11935900615	0	0	0	11935900615	433390687.37	0	0	433390687.37	1566948256.07	295221665.66	0	847985689.92	0	857131587.86	5482316726.95	1748307.95	0	0	5775790084.66	6632921672.52	55.5711871811694	55.5711871811694
"448"	"BG"	"Bulgaria"	"ERDF"	2024	3898489118	13994912	0	0	3884494206	184648313.67	0	0	184648313.67	661743613.76	247026063.07	0	364090812.5	0	235275051.86	3411527274.81	27215466.14	0	0	3631337871.74	3866612923.6	99.5396754004066	99.1823449178601
"449"	"PL"	"Poland"	"CF"	2022	23139930966	0	0	0	23139930966	654465290.97	0	0	654465290.97	3816066023.76	1383301611.18	0	1592511602.46	0	1494718101.09	18426050114.51	193650.61	0	0	19809158075.08	21303876176.17	92.0654266750936	92.0654266750936
"450"	"IT"	"Italy"	"ERDF"	2018	21660538269	0	0	0	21660538269	582340156.41	0	0	582340156.41	1457699508.17	17689135.98	0	880085271.89	0	1142265256.71	2435801500.7	28065.32	0	0	2453462571.36	3595727828.07	16.600362296703	16.600362296703
"451"	"CY"	"Cyprus"	"ERDF"	2016	292099018	0	0	0	292099018	10988443.09	0	0	10988443.09	5491221.54	0	0	0	0	16479664.63	0	0	0	0	0	16479664.63	5.64180761128064	5.64180761128064
"452"	"GR"	"Greece"	"TOTAL"	2020	11870416160	0	0	0	11870416160	429091675.64	750910432.28	0	1180002107.92	1458218074.27	190836650.41	0	673383664.52	0	1773999867.26	5937545954.82	25994814.78	0	0	6102387790.45	7876387657.71	66.3530878070748	66.3530878070748
"453"	"ES"	"Spain"	"ERDF"	2021	27655614882	2111646	0	0	27653503236	1405706832.11	0	21531983.27	1384174848.84	2892122676.4	276886565.47	0	1744042669.02	0	2255368290.75	11348266497.82	174161357.34	0	0	11450991705.95	13706359996.7	49.5646424242435	49.5608579132368
"454"	"RO"	"Romania"	"ERDF"	2023	12376137876	0	0	0	12376137876	868546842.66	0	0	868546842.66	2048832083.97	502203928.85	0	1077148628.61	0	1338026369.17	9459260360.08	11907266.25	0	0	9949557022.68	11287583391.85	91.2044088789529	91.2044088789529
"455"	"CZ"	"Czechia"	"ERDF"	2020	11700268631	0	0	0	11700268631	336727447.59	0	0	336727447.59	1487212893.53	219812948.09	0	779661090.65	0	824466302.38	5244364967.89	15959292.83	0	0	5448218623.15	6272684925.53	53.6114607566398	53.6114607566398
"456"	"PL"	"Poland"	"TOTAL"	2018	63421859277	0	0	0	63421859277	1788496431.69	0	0	1788496431.69	4396720394.7	360383685.12	0	2396881647.16	0	3427951494.11	14379442224.46	95197440.1	0	0	14644628469.48	18072579963.59	28.49582173972	28.49582173972
"457"	"RO"	"Romania"	"ERDF"	2019	10726080699	0	0	0	10726080699	403300634.31	0	0	403300634.31	1033457875.36	27717335.34	0	538496078.84	0	870545095.49	2116049376.08	0	0	0	2143766711.42	3014311806.91	28.1026396453555	28.1026396453555
"458"	"CZ"	"Czechia"	"ERDF"	2016	11940689631	0	0	0	11940689631	336727447.59	0	0	336727447.59	224484965.06	0	0	0	0	561212412.65	9896274.55	0	0	0	9896274.55	571108687.2	4.7828785844773	4.7828785844773
"459"	"GR"	"Greece"	"CF"	2025	2775403635	0	0	0	2775403635	122080193.92	213640339.36	0	335720533.28	569840704	86342849.64	0	415982156.39	0	403236231.25	2326548097.99	40723543.88	0	0	2372167403.75	2775403635	100	100
"460"	"AT"	"Austria"	"TOTAL"	2018	536262079	0	0	0	536262079	15122590.62	0	0	15122590.62	37176368.63	0	0	23313993.89	0	28984965.36	78483029.8	0	0	0	78483029.8	107467995.16	20.040200373743	20.040200373743
"461"	"FR"	"France"	"ERDF"	2021	10554678327	1961802	0	0	10552716525	464931731.15	0	0	464931731.15	1256299244.93	211662053.12	0	682302204.6	0	827266718.36	4432980725.41	27087775.89	0	0	4617555002.64	5444821721	51.5963989755709	51.5868087336358
"462"	"IE"	"Ireland"	"TOTAL"	2015	409206529	0	0	0	409206529	9616353.43	0	0	9616353.43	0	0	0	0	0	9616353.43	0	0	0	0	0	9616353.43	2.34999999963344	2.34999999963344
"463"	"TC"	"Interreg"	"TOTAL"	2022	9410256783	4572656	0	0	9405684127	277009954.59	0	0	277009954.59	1613325509	415224528.31	0	839575018.47	0	635535916.81	6356155990.23	11483247.39	0	0	6759897271.15	7395433187.96	78.627275678232	78.5890689117022
"464"	"TC"	"Interreg"	"TOTAL"	2018	9410256783	0	0	0	9410256783	277009954.59	0	0	277009954.59	684121520.73	7305906.73	0	420093479.38	0	533732089.21	1002895464.3	159062.3	0	0	1010042308.73	1543774397.94	16.4052313718887	16.4052313718887
"465"	"EE"	"Estonia"	"CF"	2014	1073321882	0	0	0	1073321882	10089225.69	0	0	10089225.69	0	0	0	0	0	10089225.69	0	0	0	0	0	10089225.69	0.939999999925465	0.939999999925465
"466"	"MT"	"Malta"	"CF"	2020	204992109	0	0	0	204992109	6140327.46	0	0	6140327.46	27119779.62	4844500.76	0	13821135.47	0	14594470.85	79957153.12	0	0	0	84801653.88	99396124.73	48.4877809272161	48.4877809272161
"467"	"ES"	"Spain"	"TOTAL"	2019	20681351741	2111646	0	0	20679240095	638552276.36	0	0	638552276.36	1934084905.67	89928793.63	0	1285242581.2	0	1197465807.2	4744841175.16	77194386.94	0	0	4757575581.85	5955041389.05	28.7971964235275	28.7942561183965
"468"	"SI"	"Slovenia"	"TOTAL"	2016	2285763262	0	0	0	2285763262	64458524.01	0	0	64458524.01	42972349.34	0	0	0	0	107430873.35	25484579.14	0	0	0	25484579.14	132915452.49	5.81492644928161	5.81492644928161
"469"	"AT"	"Austria"	"TOTAL"	2017	536262079	0	0	0	536262079	15122590.62	0	0	15122590.62	23313993.89	0	0	10081727.08	0	28354857.43	33441668.05	0	0	0	33441668.05	61796525.48	11.5235680276397	11.5235680276397
"470"	"GR"	"Greece"	"TOTAL"	2014	11412736113	0	0	0	11412736113	63638622.91	0	0	63638622.91	0	0	0	0	0	63638622.91	0	0	0	0	0	63638622.91	0.557610570155133	0.557610570155133
"471"	"EE"	"Estonia"	"ERDF"	2024	2051246384	0	0	0	2051246384	125075630.22	0	0	125075630.22	351901198.95	90808969.43	0	222664565.36	0	163503294.38	1839999562.81	43065442.62	0	0	1887743089.62	2051246384	100	100
"472"	"IE"	"Ireland"	"TOTAL"	2017	410775098	0	0	0	410775098	13462894.8	0	0	13462894.8	17790253.84	0	0	7693082.74	0	23560065.9	21173571.16	0	0	0	21173571.16	44733637.06	10.8900557209532	10.8900557209532
"473"	"TC"	"Interreg"	"ERDF"	2014	1972500983	0	0	0	1972500983	19725009.83	0	0	19725009.83	0	0	0	0	0	19725009.83	0	0	0	0	0	19725009.83	1	1
"474"	"HU"	"Hungary"	"ERDF"	2016	10756780690	0	0	0	10756780690	303341215.56	0	0	303341215.56	202227477.04	0	0	0	0	505568692.6	530333194.09	0	0	0	530333194.09	1035901886.69	9.63022224347311	9.63022224347311
"475"	"AT"	"Austria"	"TOTAL"	2021	660082451	0	0	0	660082451	28742831.54	0	0	28742831.54	79993090.95	7406120.63	0	45697305.45	0	55632496.41	302162232.15	0	0	0	309568352.78	365200849.19	55.3265502872762	55.3265502872762
"476"	"LU"	"Luxembourg"	"TOTAL"	2024	89189782	0	0	0	89189782	11003074.62	0	0	11003074.62	6386663.66	4024915.67	0	2166963.63	0	11197858.98	71601713.66	1030974.31	0	0	74595655.02	85793514	96.1920884614338	96.1920884614338
"477"	"LT"	"Lithuania"	"TOTAL"	2021	5682139550	0	0	0	5682139550	182552927.27	0	0	182552927.27	804936316.86	114259564.26	0	450580351.72	0	422649328.15	3746153374.92	838845.06	0	0	3859574094.12	4282223422.27	75.3628696477544	75.3628696477544
"478"	"HR"	"Croatia"	"ERDF"	2020	4700499588	0	0	0	4700499588	121866288.39	0	0	121866288.39	538242773.75	72005310.32	0	283000468.13	0	305103283.69	1686819572.16	0	0	0	1758824882.48	2063928166.17	43.9086979485977	43.9086979485977
"479"	"DK"	"Denmark"	"TOTAL"	2023	362448078	0	0	0	362448078	24291911.58	0	0	24291911.58	46826289	11144937.52	0	23023399.8	0	36949863.26	193220252.83	0	0	0	204365190.35	241315053.61	66.5792063077239	66.5792063077239
"480"	"SI"	"Slovenia"	"ERDF"	2017	1416685363	0	0	0	1416685363	39209079.75	0	0	39209079.75	60447331.28	0	0	26139386.5	0	73517024.53	51531823.36	0	0	0	51531823.36	125048847.89	8.82686100639836	8.82686100639836
"481"	"CZ"	"Czechia"	"CF"	2024	6143946095	0	0	0	6143946095	176501705.37	0	0	176501705.37	1134669899.47	478283153.91	0	576676428.82	0	256212022.11	5409450918.98	0	0	0	5887734072.89	6143946095	100	100
"482"	"AT"	"Austria"	"ERDF"	2018	536262079	0	0	0	536262079	15122590.62	0	0	15122590.62	37176368.63	0	0	23313993.89	0	28984965.36	78483029.8	0	0	0	78483029.8	107467995.16	20.040200373743	20.040200373743
"483"	"EE"	"Estonia"	"TOTAL"	2023	3112781061	0	0	0	3112781061	155343307.29	0	0	155343307.29	548319872.3	108241912.77	0	297436053.76	0	297985213.06	2889927913.55	161946881.06	0	0	2836222945.26	3134208158.32	100.688358638147	100.688358638147
"484"	"SK"	"Slovakia"	"ERDF"	2019	7276505337	147316596	0	0	7129188741	207560329.74	0	0	207560329.74	704749324.2	24946627.15	0	483526461.28	0	403836565.51	1193194879.56	15038216.49	0	0	1203103290.22	1606939855.73	22.5402905451006	22.0839507607991
"485"	"EU28"	"EU28"	"CF"	2019	63279608285	0	0	0	63279608285	1899468771.83	213640339.36	0	2113109111.19	6101966834.09	766844195.45	0	3628361990.31	0	3819869759.52	20901948351.72	722483375.33	0	0	20946309171.84	24766178931.36	39.1376931725266	39.1376931725266
"486"	"PL"	"Poland"	"TOTAL"	2020	63437544387	0	0	0	63437544387	1788496431.69	0	0	1788496431.69	7899106323.46	1639337782.34	0	3552707081.26	0	4495557891.55	32348951469.98	103369931.05	0	0	33884919321.27	38380477212.82	60.5012025350167	60.5012025350167
"487"	"PT"	"Portugal"	"ERDF"	2019	10776915712	0	0	0	10776915712	354560526.94	0	0	354560526.94	1038378442.82	199828814.44	0	544375056.72	0	648735098.6	4240100765.78	0	0	0	4439929580.22	5088664678.82	47.2181913156639	47.2181913156639
"488"	"PL"	"Poland"	"CF"	2023	23139930966	0	0	0	23139930966	654465290.97	0	0	654465290.97	4278864643.08	1766188362.8	0	1672423470.16	0	1494718101.09	19879218152.72	193650.61	0	0	21645212864.91	23139930966	100	100
"489"	"BG"	"Bulgaria"	"ERDF"	2015	3567667612	0	0	0	3567667612	67072151.08	0	0	67072151.08	0	0	0	0	0	67072151.08	0	0	0	0	0	67072151.08	1.87999999928244	1.87999999928244
"490"	"GR"	"Greece"	"ERDF"	2019	8608506555	0	0	0	8608506555	307011481.72	537270092.92	0	844281574.64	809708249.83	117068769.56	0	459994590.58	0	1076926464.33	2295565544.72	17233.23	0	0	2412617081.05	3489543545.38	40.5359921966163	40.5359921966163
"491"	"HU"	"Hungary"	"ERDF"	2025	11380672466	0	0	0	11380672466	538716751.08	0	0	538716751.08	1897737719.11	408508546.48	0	1346006336.02	0	681939587.69	11034799373.53	744575041.7	0	0	10698732878.31	11380672466	100	100
"492"	"HR"	"Croatia"	"TOTAL"	2022	6963812572	0	0	0	6963812572	198770284.23	0	0	198770284.23	1127507629.55	257119723.88	0	608332632.58	0	460825557.32	3719625127.48	529271.71	0	0	3976215579.65	4437041136.97	63.7156886561019	63.7156886561019
"493"	"FR"	"France"	"ERDF"	2014	8426107776	0	0	0	8426107776	54576005.22	0	0	54576005.22	0	0	0	0	0	54576005.22	0	0	0	0	0	54576005.22	0.647701247964669	0.647701247964669
"494"	"EE"	"Estonia"	"CF"	2024	1061534677	0	0	0	1061534677	30267677.07	0	0	30267677.07	196418673.35	38388453.92	0	134009249.76	0	54288646.74	1131046478.85	162188902.51	0	0	1007246030.26	1061534677	100	100
"495"	"FI"	"Finland"	"TOTAL"	2016	789099456	0	0	0	789099456	22252604.61	0	0	22252604.61	14835069.74	0	0	0	0	37087674.35	56709746.65	0	0	0	56709746.65	93797421	11.8866411941868	11.8866411941868
"496"	"LU"	"Luxembourg"	"TOTAL"	2021	89189782	0	0	0	89189782	8215579.46	0	0	8215579.46	2819072.38	876416.32	0	1357823.64	0	8800411.88	13600086.11	830013.35	0	0	13646489.08	22446900.96	25.1675701595503	25.1675701595503
"497"	"ES"	"Spain"	"ERDF"	2014	877216323	0	0	0	877216323	12000549	0	0	12000549	0	0	0	0	0	12000549	0	0	0	0	0	12000549	1.3680261852583	1.3680261852583
"498"	"CZ"	"Czechia"	"ERDF"	2019	11940689631	0	0	0	11940689631	336727447.59	0	0	336727447.59	1150485445.94	48127218.01	0	779661090.65	0	659424584.87	3445263872.12	15959292.83	0	0	3477431797.3	4136856382.17	34.6450373471733	34.6450373471733
"499"	"PL"	"Poland"	"ERDF"	2017	40213870235	0	0	0	40213870235	1134031140.72	0	0	1134031140.72	1748298008.7	4231783.49	0	751788976.99	0	2126308388.94	3181514742.6	0	0	0	3185746526.09	5312054915.03	13.2095092662995	13.2095092662995
"500"	"TC"	"Interreg"	"TOTAL"	2023	9410256783	10176032	0	0	9400080751	277009954.59	0	0	277009954.59	1788194898.31	551390235.8	0	890070455.82	0	623744161.28	7394234778.84	12068759.85	0	0	7933556254.79	8557300416.07	91.0343287759486	90.9358863780328
"501"	"UK"	"United Kingdom"	"ERDF"	2020	5861030512	46154833	0	0	5814875679	164281476.84	0	0	164281476.84	727195354.3	120458656.51	0	357955347.73	0	413062826.9	2116652330.26	16432276.13	0	0	2220678710.64	2633741537.54	45.2931701885144	44.9364925186385
"502"	"HU"	"Hungary"	"ERDF"	2015	10756780690	0	0	0	10756780690	202227477.04	0	0	202227477.04	0	0	0	0	0	202227477.04	0	0	0	0	0	202227477.04	1.88000000063216	1.88000000063216
"503"	"LV"	"Latvia"	"TOTAL"	2015	3750667147	0	0	0	3750667147	70512542.34	0	0	70512542.34	0	0	0	0	0	70512542.34	0	0	0	0	0	70512542.34	1.87999999937078	1.87999999937078
"504"	"HU"	"Hungary"	"CF"	2016	6025427012	0	0	0	6025427012	169917041.73	0	0	169917041.73	113278027.82	0	0	0	0	283195069.55	0	0	0	0	0	283195069.55	4.69999999976765	4.69999999976765
"505"	"LV"	"Latvia"	"ERDF"	2020	2465883158	0	0	0	2465883158	67715319.12	0	0	67715319.12	299075992.79	11779209.47	0	154760610.19	0	200251492.25	1167321402.3	1507380.69	0	0	1177593231.08	1377844723.33	55.8763183429796	55.8763183429796
"506"	"IT"	"Italy"	"ERDF"	2015	20650352961	0	0	0	20650352961	388226770.94	0	0	388226770.94	0	0	0	0	0	388226770.94	0	0	0	0	0	388226770.94	1.88000065506483	1.88000065506483
"507"	"HR"	"Croatia"	"ERDF"	2024	4833056928	0	0	0	4833056928	126591087.84	0	0	126591087.84	824183842.35	297506671.73	0	465306463.71	0	187961794.75	4296485659.66	0	0	0	4593992331.39	4781954126.14	98.9426401836084	98.9426401836084
"508"	"GR"	"Greece"	"ERDF"	2016	8149497340	0	0	0	8149497340	307011481.72	537270092.92	0	844281574.64	153505740.8	3123962.08	0	0	0	994663353.36	430743721.58	0	0	0	433867683.66	1428531037.02	17.5290693084636	17.5290693084636
"509"	"SI"	"Slovenia"	"TOTAL"	2025	2586473468	0	0	0	2586473468	100469478.51	0	0	100469478.51	418039558.84	134548156.92	0	259942057.16	0	124018823.27	2344826783.19	16920295.38	0	0	2462454644.73	2586473468	100	100
"510"	"DK"	"Denmark"	"TOTAL"	2017	206615841	0	0	0	206615841	5826566.73	0	0	5826566.73	8982623.73	87306.62	0	3797071.2	0	10924812.64	18049178.54	0	0	0	18136485.16	29061297.8	14.0653773976604	14.0653773976604
"511"	"SK"	"Slovakia"	"ERDF"	2018	7291460222	26973102	0	0	7264487120	207560329.74	0	0	207560329.74	508473088.43	15747166.85	0	304241674.87	0	396044576.45	773578710.87	0	0	0	789325877.72	1185370454.17	16.3173316242317	16.2569693597651
"512"	"IT"	"Italy"	"TOTAL"	2020	21542042052	0	0	0	21542042052	582340156.41	0	0	582340156.41	2654678631.44	264815995.27	0	1363927276.23	0	1608275516.35	6496147885.38	81806034.39	0	0	6679157846.26	8287433362.61	38.4709738408508	38.4709738408508
"513"	"LT"	"Lithuania"	"CF"	2022	2039817626	0	0	0	2039817626	57779477.04	0	0	57779477.04	336785395.31	46987116.26	0	217173969.65	0	130403786.44	1679718268.33	1428256.94	0	0	1725277127.65	1855680914.09	90.972883577289	90.972883577289
"514"	"TC"	"Interreg"	"ERDF"	2023	9410256783	10176032	0	0	9400080751	277009954.59	0	0	277009954.59	1788194898.31	551390235.8	0	890070455.82	0	623744161.28	7394234778.84	12068759.85	0	0	7933556254.79	8557300416.07	91.0343287759486	90.9358863780328
"515"	"HU"	"Hungary"	"ERDF"	2024	11380672466	0	0	0	11380672466	538716751.08	0	0	538716751.08	1897737719.11	408508546.48	0	1346006336.02	0	681939587.69	11034799373.53	744575041.7	0	0	10698732878.31	11380672466	100	100
"516"	"LT"	"Lithuania"	"ERDF"	2017	3501411767	0	0	0	3501411767	98739811.83	0	0	98739811.83	152223876.58	0	0	65826541.22	0	185137147.19	293471542.35	0	0	0	293471542.35	478608689.54	13.6690204234411	13.6690204234411
"517"	"SI"	"Slovenia"	"CF"	2014	895370363	0	0	0	895370363	0	0	0	0	0	0	0	0	0	0	0	0	0	0	0	0	0	0
"518"	"HU"	"Hungary"	"CF"	2025	6025427012	0	0	0	6025427012	169917041.73	0	0	169917041.73	1057978376.07	53406714.64	0	847683077.75	0	326805625.41	6593570710.92	948356038.97	0	0	5698621386.59	6025427012	100	100
"519"	"IT"	"Italy"	"ERDF"	2024	27724375038	0	0	0	27724375038	1292490104.31	0	0	1292490104.31	4014671776.99	1397309431.18	0	2371655178.06	0	1538197272.06	23555578100.75	161827751.07	0	0	24791059780.86	26329257052.92	94.9679010503652	94.9679010503652
"520"	"HU"	"Hungary"	"TOTAL"	2016	16782207702	0	0	0	16782207702	473258257.29	0	0	473258257.29	315505504.86	0	0	0	0	788763762.15	530333194.09	0	0	0	530333194.09	1319096956.24	7.86009194775249	7.86009194775249
"521"	"HR"	"Croatia"	"ERDF"	2014	4321499588	0	0	0	4321499588	40622096.13	0	0	40622096.13	0	0	0	0	0	40622096.13	0	0	0	0	0	40622096.13	0.940000000064792	0.940000000064792
"522"	"LV"	"Latvia"	"ERDF"	2019	2401252452	0	0	0	2401252452	67715319.12	0	0	67715319.12	231360673.67	11706215.99	0	154760610.19	0	132609166.61	805348739.79	1507380.69	0	0	815547575.09	948156741.7	39.4859249767879	39.4859249767879
"523"	"LV"	"Latvia"	"TOTAL"	2017	3750667147	0	0	0	3750667147	105768813.51	0	0	105768813.51	163060254.18	7335429.72	0	63177112.62	0	198316525.35	268334908.98	0	0	0	275670338.7	473986864.05	12.6374014401444	12.6374014401444
"524"	"UK"	"United Kingdom"	"ERDF"	2022	5861030512	58022554	0	0	5803007958	164281476.84	0	0	164281476.84	959551429.66	275650674.08	0	483301407.36	0	364880825.06	3850815752.73	17075633.36	0	0	4109390793.45	4474271618.51	77.1026276526433	76.3393333194441
"525"	"BE"	"Belgium"	"TOTAL"	2018	953009307	0	0	0	953009307	26778362.34	0	0	26778362.34	65918597.65	2107708.7	0	39175599.92	0	51413651.37	104502402.71	0	0	0	106610111.41	158023762.78	16.5815550403644	16.5815550403644
"526"	"FR"	"France"	"ERDF"	2017	8426107776	0	0	0	8426107776	237689732.43	0	0	237689732.43	366438337.67	0	0	158459821.62	0	445668248.48	575108085.49	0	0	0	575108085.49	1020776333.97	12.1144466829331	12.1144466829331
"527"	"LU"	"Luxembourg"	"ERDF"	2024	89189782	0	0	0	89189782	11003074.62	0	0	11003074.62	6386663.66	4024915.67	0	2166963.63	0	11197858.98	71601713.66	1030974.31	0	0	74595655.02	85793514	96.1920884614338	96.1920884614338
"528"	"HU"	"Hungary"	"ERDF"	2022	11380672466	0	0	0	11380672466	538716751.08	0	0	538716751.08	1775944114.94	206215351.51	0	1102868502.48	0	1005577012.03	9290192466.05	486630967.08	0	0	9009776850.48	10015353862.51	88.0031816435372	88.0031816435372
"529"	"IT"	"Italy"	"TOTAL"	2021	26276375038	0	0	0	26276375038	1103116784.87	0	0	1103116784.87	3085519472.48	376799515.8	0	1863167137.78	0	1948669603.77	12231556680.34	81806034.39	0	0	12526550161.75	14475219765.52	55.0883435960494	55.0883435960494
"530"	"ES"	"Spain"	"TOTAL"	2020	20681482557	2111646	0	0	20679370911	638552276.36	0	21531983.27	617020293.09	2493234577.4	155789793.52	0	1299520471.51	0	1654944605.46	6560350168.45	84079329.08	0	0	6632060632.89	8287005238.35	40.0737782305645	40.0696865686987
"531"	"LV"	"Latvia"	"ERDF"	2022	2665837658	0	0	0	2665837658	95203562.97	0	0	95203562.97	405041517.47	35597495.92	0	251640405.2	0	213007179.32	1860894690.46	1507380.69	0	0	1894984805.69	2107991985.01	79.0742819122559	79.0742819122559
"532"	"EE"	"Estonia"	"TOTAL"	2021	3083110828	0	0	0	3083110828	100775982.75	0	0	100775982.75	426642835.18	95837981.88	0	186515551.53	0	245065284.52	2017739271.95	0	0	0	2113577253.83	2358642538.35	76.5020354419125	76.5020354419125
"533"	"CY"	"Cyprus"	"TOTAL"	2024	626070756	0	0	0	626070756	28087244.59	0	0	28087244.59	103654139.55	51368236.46	0	48451165.2	0	31921982.48	542780537.06	0	0	0	594148773.52	626070756	100	100
"534"	"RO"	"Romania"	"ERDF"	2020	11126080699	0	0	0	11126080699	403300634.31	0	0	403300634.31	1335933351.07	103842479.29	0	702990230.96	0	932401275.13	3405398513.89	2288074.45	0	0	3506952918.73	4439354193.86	39.9004313734575	39.9004313734575
"535"	"BG"	"Bulgaria"	"TOTAL"	2022	6105386534	0	0	0	6105386534	248896575.12	0	0	248896575.12	957852882.79	243629186.37	0	493753303.01	0	469366968.53	3561041580.31	0	0	0	3804670766.68	4274037735.21	70.0043758312191	70.0043758312191
"536"	"GR"	"Greece"	"CF"	2023	2775403635	0	0	0	2775403635	122080193.92	213640339.36	0	335720533.28	569840704	79958970.34	0	361690810.53	0	463911456.41	2257510789.8	25977581.55	0	0	2311492178.59	2775403635	100	100
"537"	"BG"	"Bulgaria"	"CF"	2023	2206897416	20507335	0	0	2186390081	64248261.45	0	0	64248261.45	416176999.71	82021178.39	0	239941948.46	0	158462134.31	1488781099.35	0	0	0	1570802277.74	1729264412.05	79.0922181305853	78.3572629843525
"538"	"SI"	"Slovenia"	"CF"	2016	895370363	0	0	0	895370363	25249444.26	0	0	25249444.26	16832962.84	0	0	0	0	42082407.1	25484579.14	0	0	0	25484579.14	67566986.24	7.54626119336943	7.54626119336943
"539"	"IT"	"Italy"	"ERDF"	2020	21542042052	0	0	0	21542042052	582340156.41	0	0	582340156.41	2654678631.44	264815995.27	0	1363927276.23	0	1608275516.35	6496147885.38	81806034.39	0	0	6679157846.26	8287433362.61	38.4709738408508	38.4709738408508
"540"	"GR"	"Greece"	"CF"	2019	3265667753	0	0	0	3265667753	122080193.92	213640339.36	0	335720533.28	313658108.94	12014363.97	0	213389073.94	0	423975204.31	727940254.21	25977581.55	0	0	713977036.63	1137952240.94	34.8459282146698	34.8459282146698
"541"	"CZ"	"Czechia"	"TOTAL"	2021	18678990753	0	0	0	18678990753	605054515.93	0	0	605054515.93	2631019934	630362536.36	0	1390631785.29	0	1215080128.28	11202054096.02	15959292.83	0	0	11816457339.55	13031537467.83	69.7657471977549	69.7657471977549
"542"	"DK"	"Denmark"	"TOTAL"	2019	206615841	0	0	0	206615841	5826566.73	0	0	5826566.73	19907436.35	2654751.48	0	11668891.75	0	11410359.85	58060012.23	0	0	0	60714763.71	72125123.56	34.9078382426641	34.9078382426641
"543"	"PT"	"Portugal"	"TOTAL"	2025	15488985400	0	0	0	15488985400	647545591.08	0	0	647545591.08	2466518820.76	1103445665.65	0	1162864630.01	0	847754116.18	13555081959.27	17296341.1	0	0	14641231283.82	15488985400	100	100
"544"	"MT"	"Malta"	"TOTAL"	2018	602096106	0	0	0	602096106	16979110.17	0	0	16979110.17	41740312.51	393750	0	25782378.18	0	32543294.5	89830614.75	0	0	0	90224364.75	122767659.25	20.3900437200303	20.3900437200303
"545"	"MT"	"Malta"	"CF"	2022	204992109	0	0	0	204992109	6140327.46	0	0	6140327.46	35319463.98	10478643.37	0	18427162.5	0	12553985.57	129000319.97	0	0	0	139478963.34	152032948.91	74.1652689226198	74.1652689226198
"546"	"SE"	"Sweden"	"TOTAL"	2017	934750041	0	0	0	934750041	26648949	0	0	26648949	41083796.39	0	0	17765966	0	49966779.39	132592329.67	0	0	0	132592329.67	182559109.06	19.5302595402614	19.5302595402614
"547"	"FR"	"France"	"TOTAL"	2018	8426107776	127002	0	0	8425980774	237689732.43	0	0	237689732.43	584320592.45	17889967.72	0	348548369.95	0	455571987.21	1330845611.61	10313715.24	0	0	1338421864.09	1793993851.3	21.2912170039091	21.2908960933281
"548"	"SK"	"Slovakia"	"CF"	2022	3991001427	0	0	0	3991001427	117544690.23	0	0	117544690.23	678795772.26	103643694.02	0	382685054.9	0	310011713.57	2804737252.07	41229539	0	0	2867151407.09	3177163120.66	79.6081679942732	79.6081679942732
"549"	"EU28"	"EU28"	"ERDF"	2015	196355009715	0	0	0	196355009715	4026699886.87	268635046.46	0	4295334933.33	0	0	0	0	0	4295334933.33	458695622.88	0	0	0	458695622.88	4754030556.21	2.42114044511024	2.42114044511024
"550"	"GR"	"Greece"	"ERDF"	2022	10980751660	0	0	0	10980751660	548193834.67	537270092.92	0	1085463927.59	1442539090.89	404715081.1	0	718544900.33	0	1404743037.05	8771592718.05	13220499.47	0	0	9163087299.68	10567830336.73	96.2395896378008	96.2395896378008
"551"	"FR"	"France"	"TOTAL"	2021	10554678327	1961802	0	0	10552716525	464931731.15	0	0	464931731.15	1256299244.93	211662053.12	0	682302204.6	0	827266718.36	4432980725.41	27087775.89	0	0	4617555002.64	5444821721	51.5963989755709	51.5868087336358
"552"	"DK"	"Denmark"	"ERDF"	2016	206615841	0	0	0	206615841	5826566.73	0	0	5826566.73	3884377.82	0	0	0	0	9710944.55	786718.46	0	0	0	786718.46	10497663.01	5.08076387521516	5.08076387521516
"553"	"TC"	"Interreg"	"ERDF"	2016	9246178297	0	0	0	9246178297	277009954.59	0	0	277009954.59	184687205.58	0	0	0	0	461697160.17	24328025.46	0	0	0	24328025.46	486025185.63	5.25649809054293	5.25649809054293
"554"	"CY"	"Cyprus"	"ERDF"	2024	367214564	0	0	0	367214564	17952476.59	0	0	17952476.59	52497936.28	29983049.23	0	22939491.7	0	17527871.94	319703642.83	0	0	0	349686692.06	367214564	100	100
"555"	"EE"	"Estonia"	"ERDF"	2018	1861084020	0	0	0	1861084020	52854171.27	0	0	52854171.27	129475660.93	14237564.81	0	67245949.22	0	100846318.17	378761093	0	0	0	392998657.81	493844975.98	26.535340192755	26.535340192755
"556"	"GR"	"Greece"	"ERDF"	2024	10980751660	0	0	0	10980751660	548193834.67	537270092.92	0	1085463927.59	1468949559.57	842390368.8	0	819793798.31	0	892229320.05	9361054903.12	114922931.99	0	0	10088522339.93	10980751659.98	99.9999999998179	99.9999999998179
"557"	"CZ"	"Czechia"	"TOTAL"	2015	18199615353	0	0	0	18199615353	342152768.64	0	0	342152768.64	0	0	0	0	0	342152768.64	0	0	0	0	0	342152768.64	1.88000000001978	1.88000000001978
"558"	"RO"	"Romania"	"CF"	2021	6534996977	0	0	0	6534996977	260755886.36	0	0	260755886.36	994453813.11	71791245.58	0	618498796.25	0	564919657.64	3243689065.3	0	0	0	3315480310.88	3880399968.52	59.37875690191	59.37875690191
"559"	"CZ"	"Czechia"	"CF"	2022	6143946095	0	0	0	6143946095	176501705.37	0	0	176501705.37	1015985069.21	344613286.06	0	463058471.16	0	384815017.36	4734054289.94	0	0	0	5078667576	5463482593.36	88.9246505239724	88.9246505239724
"560"	"LV"	"Latvia"	"CF"	2024	1246634592	0	0	0	1246634592	38053494.39	0	0	38053494.39	242867675.75	27603019.68	0	181109707.95	0	72208442.51	1148406014.8	1582884.99	0	0	1174426149.49	1246634592	100	100
"561"	"TC"	"Interreg"	"ERDF"	2015	9234360279	0	0	0	9234360279	184666351.8	0	0	184666351.8	0	0	0	0	0	184666351.8	0	0	0	0	0	184666351.8	1.99977417190396	1.99977417190396
"562"	"PL"	"Poland"	"TOTAL"	2017	63421859277	0	0	0	63421859277	1788496431.69	0	0	1788496431.69	2757265332.28	46269824.73	0	1146061129.73	0	3353430809.51	6283298636.14	0	0	0	6329568460.87	9682999270.38	15.2676054924356	15.2676054924356
"563"	"BG"	"Bulgaria"	"ERDF"	2020	3627082060	0	0	0	3627082060	100608226.62	0	0	100608226.62	438360500.94	99846737.82	0	190338798.31	0	248783191.43	1508129127.98	0	0	0	1607975865.8	1856759057.23	51.1915370679537	51.1915370679537
"564"	"FR"	"France"	"ERDF"	2016	8426107776	0	0	0	8426107776	237689732.43	0	0	237689732.43	158459821.62	0	0	0	0	396149554.05	73932310.58	0	0	0	73932310.58	470081864.63	5.57887315385319	5.57887315385319
"565"	"MT"	"Malta"	"CF"	2023	204992109	0	0	0	204992109	6140327.46	0	0	6140327.46	39419306.16	13513373.19	0	19492274.86	0	12553985.57	154731286.86	0	0	0	168244660.05	180798645.62	88.1978562501642	88.1978562501642
"566"	"BG"	"Bulgaria"	"TOTAL"	2024	6105386534	34502247	0	0	6070884287	248896575.12	0	0	248896575.12	1077920613.47	346846370.17	0	630371580.57	0	349599237.85	5383772862.72	27215466.14	0	0	5703403766.75	6053003004.6	99.7054583557409	99.1420112533697
"567"	"MT"	"Malta"	"ERDF"	2018	384353997	0	0	0	384353997	10838782.71	0	0	10838782.71	26645340.83	393750	0	16316040.01	0	20774333.53	58863947.87	0	0	0	59257697.87	80032031.4	20.8224792833363	20.8224792833363
"568"	"BE"	"Belgium"	"TOTAL"	2020	953009307	0	0	0	953009307	26778362.34	0	0	26778362.34	118548533.31	13245822.3	0	58351657.43	0	73729415.92	284784970.79	0	0	0	298030793.09	371760209.01	39.0090848304801	39.0090848304801
"569"	"SI"	"Slovenia"	"TOTAL"	2022	2586473468	0	0	0	2586473468	100469478.51	0	0	100469478.51	376495939.86	77444136.3	0	207096726.51	0	192424555.56	1851928832.15	9306201.74	0	0	1920066766.71	2112491322.27	81.674579244901	81.674579244901
"570"	"CY"	"Cyprus"	"TOTAL"	2021	605181642	0	0	0	605181642	26230168.99	0	0	26230168.99	83812652.4	25446373.43	0	40531287.33	0	44065160.63	366258256.22	0	0	0	391704629.65	435769790.28	72.0064456747021	72.0064456747021
"571"	"EU28"	"EU28"	"ERDF"	2019	199253465133	177627894	0	0	199075837239	5877997173.05	537270092.92	0	6415267265.97	19120766188.83	1522236592.6	0	12016352088.16	0	11997444774.04	56566380598.57	531866917.31	0	0	57556750273.8601	69554195047.9	34.9385420212484	34.9073954630968
"572"	"IE"	"Ireland"	"ERDF"	2024	470775098	0	0	0	470775098	13462894.8	0	0	13462894.8	74779010.11	19729107.21	0	47836199.41	0	20676598.29	437862707.01	10805301.49	0	0	446786512.73	467463111.02	99.2964821219155	99.2964821219155
"573"	"SK"	"Slovakia"	"TOTAL"	2017	11459711649	0	0	0	11459711649	325105019.97	0	0	325105019.97	501203572.49	0	0	216736679.98	0	609571912.48	783977046.91	0	0	0	783977046.91	1393548959.39	12.1604190582893	12.1604190582893
"574"	"IT"	"Italy"	"ERDF"	2014	460532952	0	0	0	460532952	0	0	0	0	0	0	0	0	0	0	0	0	0	0	0	0	0	0
"575"	"PT"	"Portugal"	"CF"	2019	2861742164	0	0	0	2861742164	94151317.19	0	0	94151317.19	275728857.49	25667983.92	0	172722291.59	0	171489899.17	738115974.62	0	0	0	763783958.54	935273857.71	32.6819749687974	32.6819749687974
"576"	"SK"	"Slovakia"	"CF"	2018	4168251427	0	0	0	4168251427	117544690.23	0	0	117544690.23	288964030.15	23133285.31	0	158081445.46	0	225293989.61	1125382004.2	9710770.39	0	0	1138804519.12	1364098508.73	32.7259171530297	32.7259171530297
"577"	"PL"	"Poland"	"ERDF"	2022	42163894000	0	0	0	42163894000	1840696225.92	0	0	1840696225.92	6661194965.34	2039545633.07	0	3240811522.56	0	3221534035.63	33120261865.01	121255644.03	0	0	35038551854.05	38260085889.68	90.7413482485275	90.7413482485275
"578"	"LU"	"Luxembourg"	"TOTAL"	2026	89189782	0	0	0	89189782	11003074.62	0	0	11003074.62	6386663.66	4024915.67	0	2166963.63	0	11197858.98	74689590.79	1030974.31	0	0	77683532.15	88881391.13	99.654230716698	99.654230716698
"579"	"LU"	"Luxembourg"	"TOTAL"	2025	89189782	0	0	0	89189782	11003074.62	0	0	11003074.62	6386663.66	4024915.67	0	2166963.63	0	11197858.98	74689590.79	1030974.31	0	0	77683532.15	88881391.13	99.654230716698	99.654230716698
"580"	"SI"	"Slovenia"	"TOTAL"	2018	2330732258	0	0	0	2330732258	64458524.01	0	0	64458524.01	159622986.74	5452546.94	0	93921010.91	0	124707952.9	307129336.29	0	0	0	312581883.23	437289836.13	18.761907749337	18.761907749337
"581"	"RO"	"Romania"	"TOTAL"	2019	17661077676	0	0	0	17661077676	664056520.67	0	0	664056520.67	1701644834.16	73674802.97	0	973307276.69	0	1318719275.17	3732212510.5	0	0	0	3805887313.47	5124606588.64	29.0163866704688	29.0163866704688
"582"	"BE"	"Belgium"	"ERDF"	2024	1077621364	0	0	0	1077621364	42388295.19	0	0	42388295.19	180713574.01	50464972.27	0	110172408.92	0	62464488.01	936726123.31	2389164.25	0	0	984801931.33	1047266419.34	97.1831530374151	97.1831530374151
"583"	"IE"	"Ireland"	"ERDF"	2015	409206529	0	0	0	409206529	9616353.43	0	0	9616353.43	0	0	0	0	0	9616353.43	0	0	0	0	0	9616353.43	2.34999999963344	2.34999999963344
"584"	"HU"	"Hungary"	"ERDF"	2019	10785240317	0	0	0	10785240317	303341215.56	0	0	303341215.56	1037184941.28	102663773.49	0	643050048.1	0	594812335.25	4196261033.28	203498422.96	0	0	4095426383.81	4690238719.06	43.4875680207803	43.4875680207803
"585"	"IT"	"Italy"	"ERDF"	2021	26276375038	0	0	0	26276375038	1103116784.87	0	0	1103116784.87	3085519472.48	376799515.8	0	1863167137.78	0	1948669603.77	12231556680.34	81806034.39	0	0	12526550161.75	14475219765.52	55.0883435960494	55.0883435960494
"586"	"HU"	"Hungary"	"ERDF"	2023	11380672466	0	0	0	11380672466	538716751.08	0	0	538716751.08	1897737719.11	304258006.43	0	1233629267.22	0	898567196.54	10811129695.41	666607095.53	0	0	10448780606.31	11347347802.85	99.7071819503675	99.7071819503675
"587"	"DK"	"Denmark"	"TOTAL"	2025	362448078	0	0	0	362448078	24291911.58	0	0	24291911.58	46826289	11415134.16	0	30002164.72	0	29700901.7	323654756.92	2322714.78	0	0	332747176.3	362448078	100	100
"588"	"BG"	"Bulgaria"	"ERDF"	2021	3813837809	0	0	0	3813837809	121151359.01	0	0	121151359.01	510184049.04	136517763.25	0	251215999.5	0	243601645.3	2043503500.97	0	0	0	2180021264.22	2423622909.52	63.548137883595	63.548137883595
"589"	"MT"	"Malta"	"CF"	2017	217742109	0	0	0	217742109	6140327.46	0	0	6140327.46	9466338.17	0	0	4093551.64	0	11513113.99	10979416.08	0	0	0	10979416.08	22492530.07	10.3298944670367	10.3298944670367
"590"	"HR"	"Croatia"	"ERDF"	2017	4321499588	0	0	0	4321499588	121866288.39	0	0	121866288.39	187877194.63	0	0	81244192.26	0	228499290.76	266936808.25	0	0	0	266936808.25	495436099.01	11.4644485998734	11.4644485998734
"591"	"IE"	"Ireland"	"ERDF"	2021	470775098	0	0	0	470775098	13462894.8	0	0	13462894.8	60509295.63	9257936.89	0	37210976.38	0	27503277.16	401867906.11	7493314.51	0	0	403632528.49	431135805.65	91.5799938190444	91.5799938190444
"592"	"PL"	"Poland"	"TOTAL"	2023	65303824966	0	0	0	65303824966	2495161516.89	0	0	2495161516.89	11671147995.65	4363139079.09	0	5248004561.68	0	4555165871.77	56296423921.76	155782317.02	0	0	60503780683.83	65058946555.6	99.6250167420859	99.6250167420859
"593"	"FI"	"Finland"	"TOTAL"	2017	791976209	0	0	0	791976209	22252604.61	0	0	22252604.61	34306098.77	0	0	14835069.74	0	41723633.64	137460324.33	0	0	0	137460324.33	179183957.97	22.624916750498	22.624916750498
"594"	"HU"	"Hungary"	"ERDF"	2018	10785240317	0	0	0	10785240317	303341215.56	0	0	303341215.56	745713821.59	46841084.51	0	420809956.15	0	581403996.49	3109649309.41	2375028.29	0	0	3154115365.63	3735519362.12	34.6354763762841	34.6354763762841
"595"	"SK"	"Slovakia"	"CF"	2016	4168251427	0	0	0	4168251427	117544690.23	0	0	117544690.23	78363126.82	0	0	0	0	195907817.05	214204174.95	0	0	0	214204174.95	410111992	9.83894563901507	9.83894563901507
"596"	"FI"	"Finland"	"TOTAL"	2018	791976209	0	0	0	791976209	22252604.61	0	0	22252604.61	54778683.73	7506596.28	0	26799502.49	0	42725189.57	240144856.26	0	0	0	247651452.54	290376642.11	36.6648188178087	36.6648188178087
"597"	"FI"	"Finland"	"ERDF"	2016	789099456	0	0	0	789099456	22252604.61	0	0	22252604.61	14835069.74	0	0	0	0	37087674.35	56709746.65	0	0	0	56709746.65	93797421	11.8866411941868	11.8866411941868
"598"	"EE"	"Estonia"	"CF"	2019	1061534677	0	0	0	1061534677	30267677.07	0	0	30267677.07	102791314.85	21896954.25	0	32027934.58	0	79134103.09	528492939.3	0	0	0	550389893.55	629523996.64	59.3031966152152	59.3031966152152
"599"	"RO"	"Romania"	"ERDF"	2024	12376137876	0	0	0	12376137876	868546842.66	0	0	868546842.66	2048832083.97	618860125.77	0	1203387833.42	0	1095130967.44	10728988273	97679377	0	0	11250169021.77	12345299989.21	99.7508278665043	99.7508278665043
"600"	"BE"	"Belgium"	"ERDF"	2021	1050955320	0	0	0	1050955320	37552423.77	0	0	37552423.77	137608719.45	21333959.7	0	77138380.79	0	76688802.73	447674092.47	0	0	0	469008052.17	545696854.9	51.9238872019792	51.9238872019792
"601"	"GR"	"Greece"	"TOTAL"	2015	11412736113	0	0	0	11412736113	321818756.76	375455216.14	0	697273972.9	0	0	0	0	0	697273972.9	0	0	0	0	0	697273972.9	6.1096126817981	6.1096126817981
"602"	"IT"	"Italy"	"TOTAL"	2014	460532952	0	0	0	460532952	0	0	0	0	0	0	0	0	0	0	0	0	0	0	0	0	0	0
"603"	"AT"	"Austria"	"ERDF"	2014	536262079	0	0	0	536262079	5040863.54	0	0	5040863.54	0	0	0	0	0	5040863.54	0	0	0	0	0	5040863.54	0.939999999515163	0.939999999515163
"604"	"MT"	"Malta"	"CF"	2019	217742109	0	0	0	217742109	6140327.46	0	0	6140327.46	20979452.16	1273836.21	0	13821135.47	0	12024807.94	54828480.33	0	0	0	56102316.54	68127124.48	31.2879877910983	31.2879877910983
"605"	"CZ"	"Czechia"	"ERDF"	2024	12848248555	0	0	0	12848248555	712376659.74	0	0	712376659.74	2248771495.71	923580532.16	0	1184607777.42	0	852959845.87	11085923278.48	16009566.99	0	0	11993494243.65	12846454089.52	99.9860333844546	99.9860333844546
"606"	"SI"	"Slovenia"	"ERDF"	2015	1390392899	0	0	0	1390392899	26139386.5	0	0	26139386.5	0	0	0	0	0	26139386.5	0	0	0	0	0	26139386.5	1.87999999991369	1.87999999991369
"607"	"CY"	"Cyprus"	"TOTAL"	2025	626070756	0	0	0	626070756	28087244.59	0	0	28087244.59	103654139.55	51368236.46	0	48451165.2	0	31921982.48	542780537.06	0	0	0	594148773.52	626070756	100	100
"608"	"CY"	"Cyprus"	"CF"	2021	258856192	0	0	0	258856192	10134768	0	0	10134768	40801955.59	9676506.11	0	21688983.1	0	19571234.38	150440130.8	0	0	0	160116636.91	179687871.29	69.4160993027356	69.4160993027356
"609"	"HU"	"Hungary"	"CF"	2015	6025427012	0	0	0	6025427012	113278027.82	0	0	113278027.82	0	0	0	0	0	113278027.82	0	0	0	0	0	113278027.82	1.87999999990706	1.87999999990706
"610"	"SI"	"Slovenia"	"ERDF"	2024	1672426573	0	0	0	1672426573	75220034.25	0	0	75220034.25	250164166.49	92221653.25	0	147756471.52	0	85406075.97	1504105045.52	9306201.74	0	0	1587020497.03	1672426573	100	100
"611"	"LU"	"Luxembourg"	"ERDF"	2018	19502403	0	0	0	19502403	549967.77	0	0	549967.77	1352004.1	127458.73	0	720408.25	0	1054104.89	5865279.94	0	0	0	5992738.67	7046843.56	36.1332065592122	36.1332065592122
"612"	"PL"	"Poland"	"CF"	2017	23207989042	0	0	0	23207989042	654465290.97	0	0	654465290.97	1008967323.58	42038041.24	0	394272152.74	0	1227122420.57	3101783893.54	0	0	0	3143821934.78	4370944355.35	18.8337918784769	18.8337918784769
"613"	"BE"	"Belgium"	"ERDF"	2023	1077621364	0	0	0	1077621364	42388295.19	0	0	42388295.19	180713574.01	45798023.71	0	93286930.2	0	84016915.29	726127760.92	479461.1	0	0	771446323.53	855463238.82	79.3843985836198	79.3843985836198
"614"	"PT"	"Portugal"	"CF"	2023	2781050224	0	0	0	2781050224	94151317.19	0	0	94151317.19	523292999.95	183851160.7	0	230353659.63	0	203239496.81	2307078789.61	0	0	0	2490929950.31	2694169447.12	96.8759723887676	96.8759723887676
"615"	"NL"	"Netherlands"	"ERDF"	2021	730697716	0	0	0	730697716	38552025.45	0	0	38552025.45	78040784.34	14864597.91	0	40989279.6	0	60738932.28	274180564.48	0	0	0	289045162.39	349784094.67	47.8698765591872	47.8698765591872
"616"	"CY"	"Cyprus"	"ERDF"	2014	292299018	0	0	0	292299018	4121416.16	0	0	4121416.16	0	0	0	0	0	4121416.16	0	0	0	0	0	4121416.16	1.41000000212112	1.41000000212112
"617"	"FI"	"Finland"	"ERDF"	2020	791976209	0	0	0	791976209	22252604.61	0	0	22252604.61	98515569.79	18687038.03	0	40864223.98	0	61216912.39	407549039.23	0	0	0	426236077.26	487452989.65	61.5489435301964	61.5489435301964
"618"	"EU28"	"EU28"	"ERDF"	2014	90119177267	0	0	0	90119177267	571880749.96	0	0	571880749.96	0	0	0	0	0	571880749.96	0	0	0	0	0	571880749.96	0.634582746206908	0.634582746206908
"619"	"PL"	"Poland"	"TOTAL"	2019	63418859277	0	0	0	63418859277	1788496431.69	0	0	1788496431.69	6110609891.77	844013313.44	0	3552707081.26	0	3502385928.76	22889241704.99	103369931.05	0	0	23629885087.38	27132271016.14	42.7826538122234	42.7826538122234
"620"	"DE"	"Germany"	"ERDF"	2016	10773842813	0	0	0	10773842813	303822367.17	0	0	303822367.17	202548244.78	0	0	0	0	506370611.95	137949348.48	0	0	0	137949348.48	644319960.43	5.98040988357976	5.98040988357976
"621"	"TC"	"Interreg"	"TOTAL"	2016	9246178297	0	0	0	9246178297	277009954.59	0	0	277009954.59	184687205.58	0	0	0	0	461697160.17	24328025.46	0	0	0	24328025.46	486025185.63	5.25649809054293	5.25649809054293
"622"	"GR"	"Greece"	"TOTAL"	2018	11874174308	0	0	0	11874174308	429091675.64	750910432.28	0	1180002107.92	802466798.05	79743307.84	0	415798888.46	0	1486926709.67	1959643551.61	25174817.81	0	0	2014212041.64	3501138751.31	29.4853238675398	29.4853238675398
"623"	"MT"	"Malta"	"CF"	2021	204992109	0	0	0	204992109	6140327.46	0	0	6140327.46	31219621.8	7258664.6	0	17547299.09	0	12553985.57	108657261.33	0	0	0	115915925.93	128469911.5	62.6706618741115	62.6706618741115
"624"	"NL"	"Netherlands"	"ERDF"	2023	791056051	0	0	0	791056051	47368625.97	0	0	47368625.97	109683026.38	29936191.64	0	56352761.21	0	70762699.5	492457164.67	0	0	0	522393356.31	593156055.81	74.9828100120304	74.9828100120304
"625"	"BG"	"Bulgaria"	"TOTAL"	2020	5833979476	0	0	0	5833979476	164856488.07	0	0	164856488.07	722123655.69	127442876.4	0	332181628.49	0	427355638.87	2102295722.71	0	0	0	2229738599.11	2657094237.98	45.5451420237393	45.5451420237393
"626"	"BE"	"Belgium"	"TOTAL"	2019	953009307	0	0	0	953009307	26778362.34	0	0	26778362.34	91673672.55	7566940.22	0	58351657.43	0	52533437.24	245212919.35	0	0	0	252779859.57	305313296.81	32.0367591971481	32.0367591971481
"627"	"EE"	"Estonia"	"TOTAL"	2024	3112781061	0	0	0	3112781061	155343307.29	0	0	155343307.29	548319872.3	129197423.35	0	356673815.12	0	217791941.12	2971046041.66	205254345.13	0	0	2894989119.88	3112781061	100	100
"628"	"FI"	"Finland"	"TOTAL"	2020	791976209	0	0	0	791976209	22252604.61	0	0	22252604.61	98515569.79	18687038.03	0	40864223.98	0	61216912.39	407549039.23	0	0	0	426236077.26	487452989.65	61.5489435301964	61.5489435301964
"629"	"DK"	"Denmark"	"ERDF"	2017	206615841	0	0	0	206615841	5826566.73	0	0	5826566.73	8982623.73	87306.62	0	3797071.2	0	10924812.64	18049178.54	0	0	0	18136485.16	29061297.8	14.0653773976604	14.0653773976604
"630"	"BE"	"Belgium"	"ERDF"	2017	953009307	0	0	0	953009307	26778362.34	0	0	26778362.34	41283308.62	0	0	17852241.56	0	50209429.4	35270978.39	0	0	0	35270978.39	85480407.79	8.96952497337993	8.96952497337993
"631"	"MT"	"Malta"	"CF"	2018	217742109	0	0	0	217742109	6140327.46	0	0	6140327.46	15094971.68	0	0	9466338.17	0	11768960.97	30966666.88	0	0	0	30966666.88	42735627.85	19.6267171500575	19.6267171500575
"632"	"LT"	"Lithuania"	"TOTAL"	2016	5550329393	0	0	0	5550329393	156519288.87	0	0	156519288.87	104346192.58	0	0	0	0	260865481.45	249657560.42	0	0	0	249657560.42	510523041.87	9.19806746089457	9.19806746089457
"633"	"BG"	"Bulgaria"	"TOTAL"	2015	5845974756	0	0	0	5845974756	109904325.38	0	0	109904325.38	0	0	0	0	0	109904325.38	0	0	0	0	0	109904325.38	1.87999999943893	1.87999999943893
"634"	"LT"	"Lithuania"	"ERDF"	2019	3501411767	0	0	0	3501411767	98739811.83	0	0	98739811.83	337361023.76	10933956.17	0	231801414.59	0	193365464.83	973622582.35	838845.06	0	0	983717693.46	1177083158.29	33.6173874030966	33.6173874030966
"635"	"SK"	"Slovakia"	"ERDF"	2016	7360295382	0	0	0	7360295382	207560329.74	0	0	207560329.74	138373553.16	0	0	0	0	345933882.9	94610606.91	0	0	0	94610606.91	440544489.81	5.9854186135977	5.9854186135977
"636"	"UK"	"United Kingdom"	"TOTAL"	2019	5856532225	26472308	0	0	5830059917	164281476.84	0	0	164281476.84	562835314.78	46703287.14	0	357955347.73	0	322458156.75	1493796271.21	16432276.13	0	0	1524067282.22	1846525438.97	31.6724950559372	31.5293311473241
"637"	"CY"	"Cyprus"	"CF"	2014	269541702	0	0	0	269541702	3800538	0	0	3800538	0	0	0	0	0	3800538	0	0	0	0	0	3800538	1.4100000006678	1.4100000006678
"638"	"GR"	"Greece"	"ERDF"	2017	8622327203	0	0	0	8622327203	307011481.72	537270092.92	0	844281574.64	354556269.81	12262388.38	0	141243352.46	0	1045332103.61	906307533.88	0	0	0	918569922.26	1963902025.87	22.7769368945624	22.7769368945624
"639"	"FI"	"Finland"	"ERDF"	2017	791976209	0	0	0	791976209	22252604.61	0	0	22252604.61	34306098.77	0	0	14835069.74	0	41723633.64	137460324.33	0	0	0	137460324.33	179183957.97	22.624916750498	22.624916750498
"640"	"DK"	"Denmark"	"ERDF"	2022	362448078	0	0	0	362448078	24291911.58	0	0	24291911.58	39577327.44	8181069.95	0	18738305.81	0	36949863.26	151479526.95	0	0	0	159660596.9	196610460.16	54.2451380194655	54.2451380194655
"641"	"GR"	"Greece"	"TOTAL"	2019	11874174308	0	0	0	11874174308	429091675.64	750910432.28	0	1180002107.92	1123366358.77	129083133.53	0	673383664.52	0	1500901668.64	3023505798.93	25994814.78	0	0	3126594117.68	4627495786.32	38.9710953055684	38.9710953055684
"642"	"HR"	"Croatia"	"TOTAL"	2024	6963812572	0	0	0	6963812572	198770284.23	0	0	198770284.23	1266783880.99	402129310.17	0	739854375.63	0	323570479.42	6171540590.25	529271.71	0	0	6573140628.71	6896711108.13	99.0364263372079	99.0364263372079
"643"	"GR"	"Greece"	"TOTAL"	2024	13756155295	0	0	0	13756155295	670274028.59	750910432.28	0	1421184460.87	2038790263.57	928733218.44	0	1235775954.7	0	1295465551.3	11687603001.11	155646475.87	0	0	12460689743.68	13756155294.98	99.9999999998546	99.9999999998546
"644"	"SK"	"Slovakia"	"ERDF"	2017	7291460222	0	0	0	7291460222	207560329.74	0	0	207560329.74	319988841.72	0	0	138373553.16	0	389175618.3	274769741.74	0	0	0	274769741.74	663945360.04	9.10579417325388	9.10579417325388
"645"	"LT"	"Lithuania"	"TOTAL"	2022	5723616814	0	0	0	5723616814	263020536.87	0	0	263020536.87	919408653.14	147478969.86	0	531003737.12	0	503946483.03	4473445592.34	2267102	0	0	4618657460.2	5122603943.23	89.4994216017411	89.4994216017411
"646"	"PL"	"Poland"	"ERDF"	2024	42163894000	0	0	0	42163894000	1840696225.92	0	0	1840696225.92	7392283352.57	3153314743.6	0	3954220723.42	0	2125444111.47	37056039037.29	176281333.7	0	0	40033072447.19	42158516558.66	99.9872463360714	99.9872463360714
"647"	"IT"	"Italy"	"TOTAL"	2018	21660538269	0	0	0	21660538269	582340156.41	0	0	582340156.41	1457699508.17	17689135.98	0	880085271.89	0	1142265256.71	2435801500.7	28065.32	0	0	2453462571.36	3595727828.07	16.600362296703	16.600362296703
"648"	"HR"	"Croatia"	"CF"	2014	2559545971	0	0	0	2559545971	24059732.13	0	0	24059732.13	0	0	0	0	0	24059732.13	0	0	0	0	0	24059732.13	0.94000000010158	0.94000000010158
"649"	"GR"	"Greece"	"TOTAL"	2025	13756155295	0	0	0	13756155295	670274028.59	750910432.28	0	1421184460.87	2038790263.57	928733218.44	0	1235775954.7	0	1295465551.3	11687603001.11	155646475.87	0	0	12460689743.68	13756155294.98	99.9999999998546	99.9999999998546
"650"	"SI"	"Slovenia"	"CF"	2018	914046895	0	0	0	914046895	25249444.26	0	0	25249444.26	62554338.83	5452546.94	0	33473679.63	0	48877556.52	188599480.39	0	0	0	194052027.33	242929583.85	26.5773654698537	26.5773654698537
"651"	"NL"	"Netherlands"	"ERDF"	2018	510282703	0	0	0	510282703	14306374.02	0	0	14306374.02	35246467.8	0	0	22055659.94	0	27497181.88	80402560.1	0	0	0	80402560.1	107899741.98	21.1450910143823	21.1450910143823
"652"	"PL"	"Poland"	"CF"	2019	23204989042	0	0	0	23204989042	654465290.97	0	0	654465290.97	2236003494.15	459779723.62	0	1149114116.68	0	1281574944.82	8393308211.57	193650.61	0	0	8852894284.58	10134469229.4	43.6736652237028	43.6736652237028
"653"	"SE"	"Sweden"	"ERDF"	2022	1008026234	19872	0	0	1008006362	35269351.35	0	0	35269351.35	156872174.55	54996678.94	0	68508036.1	0	68636810.86	659524064.82	1692594.81	0	0	712828148.95	781464959.81	77.5257963907573	77.5242680648329
"654"	"UK"	"United Kingdom"	"TOTAL"	2015	5825584287	0	0	0	5825584287	109520984.56	0	0	109520984.56	0	0	0	0	0	109520984.56	0	0	0	0	0	109520984.56	1.8799999993889	1.8799999993889
"655"	"HR"	"Croatia"	"CF"	2017	2509755644	0	0	0	2509755644	72179196.39	0	0	72179196.39	111276261.1	0	0	48119464.26	0	135335993.23	0	0	0	0	0	135335993.23	5.39239720621981	5.39239720621981
"656"	"MT"	"Malta"	"TOTAL"	2019	602096106	0	0	0	602096106	16979110.17	0	0	16979110.17	58011959.75	3878504.71	0	37861807.8	0	33250757.41	167120235.14	0	0	0	170998739.85	204249497.26	33.9230722844104	33.9230722844104
"657"	"BG"	"Bulgaria"	"ERDF"	2019	3567667612	0	0	0	3567667612	100608226.62	0	0	100608226.62	340812274.32	58009758.83	0	190338798.31	0	193071943.8	1203163222.81	0	0	0	1261172981.64	1454244925.44	40.7617828675683	40.7617828675683
"658"	"RO"	"Romania"	"TOTAL"	2016	17661077676	0	0	0	17661077676	664056520.67	0	0	664056520.67	332028260.32	0	0	0	0	996084780.99	0	0	0	0	0	996084780.99	5.64000000036011	5.64000000036011
"659"	"LV"	"Latvia"	"TOTAL"	2014	3750667147	0	0	0	3750667147	35256271.17	0	0	35256271.17	0	0	0	0	0	35256271.17	0	0	0	0	0	35256271.17	0.939999999685389	0.939999999685389
"660"	"DE"	"Germany"	"TOTAL"	2022	12270511081	0	0	0	12270511081	480506440.17	0	0	480506440.17	1812081807.07	429861762.39	0	938411727.45	0	924314757.4	7060266071.56	3025634.91	0	0	7487102199.04	8411416956.44	68.54985013187	68.54985013187
"661"	"EE"	"Estonia"	"TOTAL"	2014	2947583275	0	0	0	2947583275	27707282.78	0	0	27707282.78	0	0	0	0	0	27707282.78	0	0	0	0	0	27707282.78	0.93999999983037	0.93999999983037
"662"	"LV"	"Latvia"	"TOTAL"	2024	3912472250	0	0	0	3912472250	133257057.36	0	0	133257057.36	701225946.38	84805267.26	0	517444876.99	0	232232859.49	3598524388.93	3090265.68	0	0	3680239390.51	3912472250	100	100
"663"	"IT"	"Italy"	"ERDF"	2022	27724375038	0	0	0	27724375038	1292490104.31	0	0	1292490104.31	3550362625.53	707863377.74	0	1978725771.39	0	2156263580.71	16137123416.47	132521311.8	0	0	16712465482.41	18868729063.12	68.0582665515737	68.0582665515737
"664"	"RO"	"Romania"	"ERDF"	2021	12159961162	0	0	0	12159961162	517027485.24	0	0	517027485.24	1558454965.05	188174202.16	0	921133983.8	0	966174264.33	4927167664.59	11907266.25	0	0	5103434600.5	6069608864.83	49.914706009075	49.914706009075
"665"	"HU"	"Hungary"	"TOTAL"	2019	16810667329	0	0	0	16810667329	473258257.29	0	0	473258257.29	1617734833.88	108307211.91	0	1055119337.28	0	927566541.98	7182906393.11	882229081.44	0	0	6408984523.58	7336551065.56	43.6422357422049	43.6422357422049
"666"	"SI"	"Slovenia"	"CF"	2020	914046895	0	0	0	914046895	25249444.26	0	0	25249444.26	113032578.65	23889890.58	0	50003262.57	0	64388869.76	420406400.23	0	0	0	444296290.81	508685160.57	55.6519762117895	55.6519762117895
"667"	"HR"	"Croatia"	"CF"	2024	2130755644	0	0	0	2130755644	72179196.39	0	0	72179196.39	442600038.64	104622638.44	0	274547911.92	0	135608684.67	1875054930.59	529271.71	0	0	1979148297.32	2114756981.99	99.2491554789471	99.2491554789471
"668"	"AT"	"Austria"	"TOTAL"	2025	693957603	0	0	0	693957603	70841758.02	0	0	70841758.02	107049609.22	17400521.85	0	75961071.52	0	84529773.87	593680448.89	2472311.1	0	0	608608659.64	693138433.51	99.8819568390837	99.8819568390837
"669"	"EU28"	"EU28"	"CF"	2015	63396513337	0	0	0	63396513337	1303543481.3	106820169.68	0	1410363650.98	0	0	0	0	0	1410363650.98	9926178.32	0	0	0	9926178.32	1420289829.3	2.24032798420647	2.24032798420647
"670"	"SK"	"Slovakia"	"ERDF"	2014	7360295382	0	0	0	7360295382	48840202.05	0	0	48840202.05	0	0	0	0	0	48840202.05	0	0	0	0	0	48840202.05	0.663563070708295	0.663563070708295
"671"	"DE"	"Germany"	"TOTAL"	2015	10773842813	0	0	0	10773842813	202548244.78	0	0	202548244.78	0	0	0	0	0	202548244.78	0	0	0	0	0	202548244.78	1.87999999903099	1.87999999903099
"672"	"BG"	"Bulgaria"	"CF"	2015	2278307144	0	0	0	2278307144	42832174.3	0	0	42832174.3	0	0	0	0	0	42832174.3	0	0	0	0	0	42832174.3	1.87999999968398	1.87999999968398
"673"	"PT"	"Portugal"	"CF"	2022	2781050224	0	0	0	2781050224	94151317.19	0	0	94151317.19	467671995.47	133038496.36	0	225545319.49	0	203239496.81	1910441618.63	0	0	0	2043480114.99	2246719611.8	80.7867327389914	80.7867327389914
"674"	"RO"	"Romania"	"TOTAL"	2014	1542553192	0	0	0	1542553192	0	0	0	0	0	0	0	0	0	0	0	0	0	0	0	0	0	0
"675"	"MT"	"Malta"	"CF"	2014	217742109	0	0	0	217742109	2046775.82	0	0	2046775.82	0	0	0	0	0	2046775.82	0	0	0	0	0	2046775.82	0.939999997887409	0.939999997887409
"676"	"DK"	"Denmark"	"TOTAL"	2014	206615841	0	0	0	206615841	1942188.91	0	0	1942188.91	0	0	0	0	0	1942188.91	0	0	0	0	0	1942188.91	0.940000002226354	0.940000002226354
"677"	"EE"	"Estonia"	"TOTAL"	2016	2947583275	0	0	0	2947583275	83121848.34	0	0	83121848.34	55414565.56	0	0	0	0	138536413.9	183793537.31	0	0	0	183793537.31	322329951.21	10.9353976168833	10.9353976168833
"678"	"SI"	"Slovenia"	"ERDF"	2021	1656758393	0	0	0	1656758393	65617113.05	0	0	65617113.05	203638804.33	6385034.99	0	130634140.15	0	132236742.24	988774152.53	9306201.74	0	0	985852985.78	1118089728.02	67.4865890370051	67.4865890370051
"679"	"CY"	"Cyprus"	"TOTAL"	2016	561640720	0	0	0	561640720	21123211.09	0	0	21123211.09	10558605.54	0	0	0	0	31681816.63	2366021.52	0	0	0	2366021.52	34047838.15	6.06220968985297	6.06220968985297
"680"	"SK"	"Slovakia"	"TOTAL"	2024	11305289748	147316596	0	0	11157973152	412810467.27	0	0	412810467.27	2088030937.56	444292054.09	0	1353738221.72	0	702811129.02	10050292504.29	101674712.82	0	0	10392909845.56	11095720974.58	99.4420834629017	98.1462768483482
"681"	"BE"	"Belgium"	"ERDF"	2016	949587368	0	0	0	949587368	26778362.34	0	0	26778362.34	17852241.56	0	0	0	0	44630603.9	0	0	0	0	0	44630603.9	4.69999974767988	4.69999974767988
"682"	"HU"	"Hungary"	"CF"	2019	6025427012	0	0	0	6025427012	169917041.73	0	0	169917041.73	580549892.6	5643438.42	0	412069289.18	0	332754206.73	2986645359.83	678730658.48	0	0	2313558139.77	2646312346.5	43.9190839293167	43.9190839293167
"683"	"EE"	"Estonia"	"ERDF"	2020	1861084020	0	0	0	1861084020	52854171.27	0	0	52854171.27	232254025.89	35876176.23	0	105467616.16	0	143764404.77	907103293.99	0	0	0	942979470.22	1086743874.99	58.3930582021762	58.3930582021762
"684"	"CY"	"Cyprus"	"ERDF"	2018	299898560	0	0	0	299898560	10988443.09	0	0	10988443.09	20450827.6	1279861.74	0	11418588.07	0	18740820.88	117895467.68	0	0	0	119175329.42	137916150.3	45.9876000404937	45.9876000404937
"685"	"NL"	"Netherlands"	"ERDF"	2016	507318228	0	0	0	507318228	14306374.02	0	0	14306374.02	9537582.68	0	0	0	0	23843956.7	0	0	0	0	0	23843956.7	4.69999999684616	4.69999999684616
"686"	"FI"	"Finland"	"ERDF"	2024	911500186	0	0	0	911500186	36354536.76	0	0	36354536.76	145781633.4	59669183.85	0	70292364.41	0	52174621.9	799656380.25	0	0	0	859325564.1	911500186	100	100
"687"	"FI"	"Finland"	"ERDF"	2014	789099456	0	0	0	789099456	7395703.03	0	0	7395703.03	0	0	0	0	0	7395703.03	0	0	0	0	0	7395703.03	0.937233320054399	0.937233320054399
"688"	"GR"	"Greece"	"CF"	2018	3265667753	0	0	0	3265667753	122080193.92	213640339.36	0	335720533.28	225403437.91	11128823.72	0	129857102.77	0	420138044.7	517563842.34	25174817.81	0	0	503517848.25	923655892.95	28.2838293057059	28.2838293057059
"689"	"DK"	"Denmark"	"TOTAL"	2024	362448078	0	0	0	362448078	24291911.58	0	0	24291911.58	46826289	11415134.16	0	30002164.72	0	29700901.7	323654756.92	2322714.78	0	0	332747176.3	362448078	100	100
"690"	"UK"	"United Kingdom"	"ERDF"	2025	5854453488.34	58022554	2790026.34	0	5793640908	164281476.84	0	0	164281476.84	1075492112.92	409456628.87	146884807.38	581614373.32	0	101817780.19	5147122309.69	17075633.36	0	0	5686388112.58	5788205892.77	99.9061899880178	98.8684239151965
"691"	"LV"	"Latvia"	"ERDF"	2017	2401252452	0	0	0	2401252452	67715319.12	0	0	67715319.12	104394450.32	78597.03	0	45064949.05	0	126966223.36	130601890.7	0	0	0	130680487.73	257646711.09	10.7296802914415	10.7296802914415
"692"	"AT"	"Austria"	"ERDF"	2024	693957603	0	0	0	693957603	70841758.02	0	0	70841758.02	107049609.22	17400521.85	0	75961071.52	0	84529773.87	593680448.89	2472311.1	0	0	608608659.64	693138433.51	99.8819568390837	99.8819568390837
"693"	"DE"	"Germany"	"ERDF"	2015	10773842813	0	0	0	10773842813	202548244.78	0	0	202548244.78	0	0	0	0	0	202548244.78	0	0	0	0	0	202548244.78	1.87999999903099	1.87999999903099
"694"	"GR"	"Greece"	"TOTAL"	2023	13756155295	0	0	0	13756155295	670274028.59	750910432.28	0	1421184460.87	2038790263.57	749571961.95	0	1167290033	0	1543112729.49	11533523119.24	73727932.13	0	0	12209367149.06	13752479878.55	99.9732816592196	99.9732816592196
"695"	"DE"	"Germany"	"ERDF"	2017	10773842813	0	0	0	10773842813	303822367.17	0	0	303822367.17	468392816.15	0	0	202548244.78	0	569666938.54	729411336.72	0	0	0	729411336.72	1299078275.26	12.0577058511797	12.0577058511797
"696"	"RO"	"Romania"	"CF"	2020	6534996977	0	0	0	6534996977	260755886.36	0	0	260755886.36	863753873.57	59911929.21	0	434811197.85	0	629786632.87	2331221452.75	0	0	0	2391133381.96	3020920014.83	46.2268004937441	46.2268004937441
"697"	"HR"	"Croatia"	"CF"	2019	2509755644	0	0	0	2509755644	72179196.39	0	0	72179196.39	243979590.82	7110415.95	0	169043028.57	0	140005342.69	277333189.58	0	0	0	284443605.53	424448948.22	16.9119630922922	16.9119630922922
"698"	"RO"	"Romania"	"CF"	2015	6934996977	0	0	0	6934996977	195566914.77	0	0	195566914.77	0	0	0	0	0	195566914.77	0	0	0	0	0	195566914.77	2.82000000026821	2.82000000026821
"699"	"EU28"	"EU28"	"CF"	2018	63282608285	0	0	0	63282608285	1899468771.83	213640339.36	0	2113109111.19	4391840595.19	360570166.26	0	2375236553.37	0	3769142986.75	14186142683.28	35079238.81	0	0	14511633610.73	18280776597.48	28.8875207468544	28.8875207468544
"700"	"RO"	"Romania"	"ERDF"	2018	10726080699	0	0	0	10726080699	403300634.31	0	0	403300634.31	743585544.46	0	0	466316358.38	0	680569820.39	1149782157.66	0	0	0	1149782157.66	1830351978.05	17.0644994142236	17.0644994142236
"701"	"LT"	"Lithuania"	"ERDF"	2022	3683799188	0	0	0	3683799188	205241059.83	0	0	205241059.83	582623257.83	100491853.6	0	313829767.47	0	373542696.59	2793727324.01	838845.06	0	0	2893380332.55	3266923029.14	88.6835265011737	88.6835265011737
"702"	"IE"	"Ireland"	"ERDF"	2023	470775098	0	0	0	470775098	13462894.8	0	0	13462894.8	74779010.11	19135798.54	0	46164118.65	0	22941987.72	435619139.44	7493314.51	0	0	447261623.47	470203611.19	99.8786072559004	99.8786072559004
"703"	"EE"	"Estonia"	"CF"	2018	1061534677	0	0	0	1061534677	30267677.07	0	0	30267677.07	74103340.21	8975168.61	0	17509048.83	0	77886799.84	377640256.41	0	0	0	386615425.02	464502224.86	43.7576119673008	43.7576119673008
"704"	"PL"	"Poland"	"TOTAL"	2024	65303824966	0	0	0	65303824966	2495161516.89	0	0	2495161516.89	11671147995.65	5231502900.05	0	5777443019.25	0	3157363593.24	57086056015.68	176474984.31	0	0	62141083931.42	65298447524.66	99.9917655032568	99.9917655032568
"705"	"MT"	"Malta"	"CF"	2025	204992109	0	0	0	204992109	6140327.46	0	0	6140327.46	39419306.16	14763487.05	0	22342003.18	0	8454143.39	181774478.56	0	0	0	196537965.61	204992109	100	100
"706"	"BG"	"Bulgaria"	"TOTAL"	2017	5845974756	0	0	0	5845974756	164856488.07	0	0	164856488.07	254153752.47	3767144.99	0	106137180.39	0	309105915.16	577038612.26	0	0	0	580805757.25	889911672.41	15.2226396717954	15.2226396717954
"707"	"LU"	"Luxembourg"	"ERDF"	2020	19502403	0	0	0	19502403	549967.77	0	0	549967.77	2429024.32	559464.31	0	1124807.88	0	1294719.9	10031112.93	830013.35	0	0	9760563.89	11055283.79	56.6867774704481	56.6867774704481
"708"	"BG"	"Bulgaria"	"CF"	2025	2206897416	20507335	0	0	2186390081	64248261.45	0	0	64248261.45	416176999.71	99820307.1	0	266280768.07	0	114324185.99	1972245587.91	0	0	0	2072065895.01	2186390081	100	99.0707617467254
"709"	"PT"	"Portugal"	"ERDF"	2021	12326523719	0	0	0	12326523719	500371941.37	0	0	500371941.37	1586527901.1	374822468.56	0	750029407.93	0	962047965.98	8705122659.06	16625259.28	0	0	9063319868.34	10025367834.32	81.3316719527906	81.3316719527906
"710"	"LU"	"Luxembourg"	"TOTAL"	2018	19502403	0	0	0	19502403	549967.77	0	0	549967.77	1352004.1	127458.73	0	720408.25	0	1054104.89	5865279.94	0	0	0	5992738.67	7046843.56	36.1332065592122	36.1332065592122
"711"	"BE"	"Belgium"	"ERDF"	2020	953009307	0	0	0	953009307	26778362.34	0	0	26778362.34	118548533.31	13245822.3	0	58351657.43	0	73729415.92	284784970.79	0	0	0	298030793.09	371760209.01	39.0090848304801	39.0090848304801
"712"	"ES"	"Spain"	"ERDF"	2019	20681351741	2111646	0	0	20679240095	638552276.36	0	0	638552276.36	1934084905.67	89928793.63	0	1285242581.2	0	1197465807.2	4744841175.16	77194386.94	0	0	4757575581.85	5955041389.05	28.7971964235275	28.7942561183965
"713"	"DE"	"Germany"	"TOTAL"	2023	12288205012	0	0	0	12288205012	480506440.17	0	0	480506440.17	2057845907.31	566176906.55	0	1047230134.29	0	924945306.64	8870919417.94	3025634.91	0	0	9434070689.58	10359015996.22	84.3004815276433	84.3004815276433
"714"	"SK"	"Slovakia"	"ERDF"	2022	7314288321	147316596	0	0	7166971725	295265777.04	0	0	295265777.04	1190912899.69	112824541.84	0	755966969.06	0	617387165.83	3685837352.05	60445173.82	0	0	3738216720.07	4355603885.9	60.7732812828978	59.549250654977
"715"	"HR"	"Croatia"	"CF"	2016	2559545971	0	0	0	2559545971	72179196.39	0	0	72179196.39	48119464.26	0	0	0	0	120298660.65	0	0	0	0	0	120298660.65	4.7000000005079	4.7000000005079
"716"	"LV"	"Latvia"	"ERDF"	2021	2649138117	0	0	0	2649138117	87873364.61	0	0	87873364.61	352058755.13	30743530.48	0	203511608.3	0	205676980.96	1492025226.33	1507380.69	0	0	1521261376.12	1726938357.08	65.1886870676135	65.1886870676135
"717"	"HR"	"Croatia"	"TOTAL"	2017	6831255232	0	0	0	6831255232	194045484.78	0	0	194045484.78	299153455.73	0	0	129363656.52	0	363835283.99	266936808.25	0	0	0	266936808.25	630772092.24	9.23361916394577	9.23361916394577
"718"	"MT"	"Malta"	"ERDF"	2015	384353997	0	0	0	384353997	7225855.14	0	0	7225855.14	0	0	0	0	0	7225855.14	0	0	0	0	0	7225855.14	1.87999999906336	1.87999999906336
"719"	"SI"	"Slovenia"	"ERDF"	2019	1416685363	0	0	0	1416685363	39209079.75	0	0	39209079.75	135354569.84	6385034.99	0	90683612.92	0	77495001.68	372258094.47	0	0	0	378643129.46	456138131.14	32.1975608030617	32.1975608030617
"720"	"NL"	"Netherlands"	"TOTAL"	2015	507318228	0	0	0	507318228	9537582.68	0	0	9537582.68	0	0	0	0	0	9537582.68	0	0	0	0	0	9537582.68	1.87999999873846	1.87999999873846
"721"	"SE"	"Sweden"	"ERDF"	2017	934750041	0	0	0	934750041	26648949	0	0	26648949	41083796.39	0	0	17765966	0	49966779.39	132592329.67	0	0	0	132592329.67	182559109.06	19.5302595402614	19.5302595402614
"722"	"DK"	"Denmark"	"TOTAL"	2018	206615841	0	0	0	206615841	5826566.73	0	0	5826566.73	14323643.23	1143178.5	0	7839445.23	0	11167586.23	34939694.31	0	0	0	36082872.81	47250459.04	22.8687494682462	22.8687494682462
"723"	"CY"	"Cyprus"	"TOTAL"	2014	561840720	0	0	0	561840720	7921954.16	0	0	7921954.16	0	0	0	0	0	7921954.16	0	0	0	0	0	7921954.16	1.41000000142389	1.41000000142389
"724"	"PL"	"Poland"	"ERDF"	2023	42163894000	0	0	0	42163894000	1840696225.92	0	0	1840696225.92	7392283352.57	2596950716.29	0	3575581091.52	0	3060447770.68	36417205769.04	155588666.41	0	0	38858567818.92	41919015589.6	99.4192224978082	99.4192224978082
"725"	"NL"	"Netherlands"	"ERDF"	2020	510282703	0	0	0	510282703	14306374.02	0	0	14306374.02	63426830.02	9313440.23	0	32150465.08	0	36269298.73	191573477.49	0	0	0	200886917.72	237156216.45	46.4754566548575	46.4754566548575
"726"	"GR"	"Greece"	"CF"	2014	3247019501	0	0	0	3247019501	45780072.72	0	0	45780072.72	0	0	0	0	0	45780072.72	0	0	0	0	0	45780072.72	1.40991061821159	1.40991061821159
"727"	"HR"	"Croatia"	"TOTAL"	2016	6881045559	0	0	0	6881045559	194045484.78	0	0	194045484.78	129363656.52	0	0	0	0	323409141.3	0	0	0	0	0	323409141.3	4.70000000039238	4.70000000039238
"728"	"AT"	"Austria"	"ERDF"	2021	660082451	0	0	0	660082451	28742831.54	0	0	28742831.54	79993090.95	7406120.63	0	45697305.45	0	55632496.41	302162232.15	0	0	0	309568352.78	365200849.19	55.3265502872762	55.3265502872762
"729"	"MT"	"Malta"	"ERDF"	2020	368353997	0	0	0	368353997	10838782.71	0	0	10838782.71	47541290.3	7752002.45	0	24040672.33	0	26587398.23	139899702.85	0	0	0	147651705.3	174239103.53	47.3020803219355	47.3020803219355
"730"	"CZ"	"Czechia"	"ERDF"	2021	12535044658	0	0	0	12535044658	428552810.56	0	0	428552810.56	1737913786.69	387072697.62	0	949128788.71	0	830265110.92	7094894108.19	15959292.83	0	0	7466007512.98	8296272623.9	66.1846275801278	66.1846275801278
"731"	"EE"	"Estonia"	"ERDF"	2023	2051246384	0	0	0	2051246384	125075630.22	0	0	125075630.22	351901198.95	69853458.85	0	204835948.92	0	202287421.4	1805326925.27	26221421.52	0	0	1848958962.6	2051246384	100	100
"732"	"DE"	"Germany"	"TOTAL"	2020	10758006795	0	0	0	10758006795	303822367.17	0	0	303822367.17	1341882121.81	169941707.41	0	669443281	0	806319500.57	3825656107.21	1197358.27	0	0	3994400456.35	4800719956.92	44.6246228358141	44.6246228358141
"733"	"LV"	"Latvia"	"ERDF"	2025	2665837658	0	0	0	2665837658	95203562.97	0	0	95203562.97	458358270.63	57202247.58	0	336335169.04	0	160024416.98	2450118374.13	1507380.69	0	0	2505813241.02	2665837658	100	100
"734"	"BE"	"Belgium"	"ERDF"	2022	1077621364	0	0	0	1077621364	42388295.19	0	0	42388295.19	159161146.73	32244774.13	0	85287752.5	0	84016915.29	571079383.11	479461.1	0	0	602844696.14	686861611.43	63.7386780158527	63.7386780158527
"735"	"HR"	"Croatia"	"TOTAL"	2018	6831255232	0	0	0	6831255232	194045484.78	0	0	194045484.78	475741403.51	6072592.62	0	293080863.11	0	370633432.56	376843069.52	0	0	0	382915662.14	753549094.7	11.0309023614007	11.0309023614007
"736"	"FI"	"Finland"	"ERDF"	2025	911584250.39	0	0	84064.39	911500186	36354536.76	0	0	36354536.76	145781633.4	59669183.85	52090557.51	70292364.41	84064.39	0	799656380.25	0	0	0	911416121.61	911500186	100	99.9907782094783
"737"	"EU28"	"EU28"	"ERDF"	2018	199271895018	30442834	0	0	199241452184	5877997173.05	537270092.92	0	6415267265.97	13722639456.59	543903221.5	0	8015276034.62001	0	11578727466.44	33233414612.31	185074047.58	0	0	33592243786.23	45170971252.67	22.6714726064908	22.6680090780437
"738"	"RO"	"Romania"	"CF"	2024	6534996977	0	0	0	6534996977	260755886.36	0	0	260755886.36	1255853692.19	322804493.61	0	759585366.84	0	434219718.1	5777972765.29	0	0	0	6100777258.9	6534996977	100	100
"739"	"RO"	"Romania"	"CF"	2022	6534996977	0	0	0	6534996977	260755886.36	0	0	260755886.36	1125153752.65	175193542.73	0	645796438.64	0	564919657.64	4603373176.36	0	0	0	4778566719.09	5343486376.73	81.7672356320357	81.7672356320357
"740"	"SE"	"Sweden"	"ERDF"	2018	934750041	0	0	0	934750041	26648949	0	0	26648949	65247084.05	10362939.84	0	30720856.55	0	50812236.66	271963794.19	0	0	0	282326734.03	333138970.69	35.6393641163799	35.6393641163799
"741"	"GR"	"Greece"	"CF"	2021	2775403635	0	0	0	2775403635	122080193.92	213640339.36	0	335720533.28	461258012.28	40112656.49	0	289429577.99	0	467436311.08	1105373756.06	25977581.55	0	0	1119508831	1586945142.08	57.1788954250613	57.1788954250613
"742"	"UK"	"United Kingdom"	"TOTAL"	2025	5854453488.34	58022554	2790026.34	0	5793640908	164281476.84	0	0	164281476.84	1075492112.92	409456628.87	146884807.38	581614373.32	0	101817780.19	5147122309.69	17075633.36	0	0	5686388112.58	5788205892.77	99.9061899880178	98.8684239151965
"743"	"SK"	"Slovakia"	"CF"	2024	3991001427	0	0	0	3991001427	117544690.23	0	0	117544690.23	758615800.8	181965515.68	0	464003290.32	0	230191685.03	3620073765.29	41229539	0	0	3760809741.97	3991001427	100	100
"744"	"GR"	"Greece"	"ERDF"	2018	8608506555	0	0	0	8608506555	307011481.72	537270092.92	0	844281574.64	577063360.14	68614484.12	0	285941785.69	0	1066788664.97	1442079709.27	0	0	0	1510694193.39	2577482858.36	29.9411151271407	29.9411151271407
"745"	"AT"	"Austria"	"ERDF"	2020	536262079	0	0	0	536262079	15122590.62	0	0	15122590.62	66791441.93	4357479.49	0	33623355.97	0	43933197.09	156442109.88	0	0	0	160799589.37	204732786.46	38.1777482461146	38.1777482461146
"746"	"ES"	"Spain"	"ERDF"	2020	20681482557	2111646	0	0	20679370911	638552276.36	0	21531983.27	617020293.09	2493234577.4	155789793.52	0	1299520471.51	0	1654944605.46	6560350168.45	84079329.08	0	0	6632060632.89	8287005238.35	40.0737782305645	40.0696865686987
"747"	"HU"	"Hungary"	"TOTAL"	2017	16782207702	0	0	0	16782207702	473258257.29	0	0	473258257.29	729606480	0	0	315505504.86	0	887359232.43	2323857783.34	0	0	0	2323857783.34	3211217015.77	19.1346518455215	19.1346518455215
"748"	"EU28"	"EU28"	"CF"	2021	61455291487	0	0	0	61455291487	1899468771.83	213640339.36	0	2113109111.19	9115642217.44	1709075510.84	0	4896574729.18	0	4623101088.61	37700549538.78	761283307.13	0	0	38648341742.49	43271442831.1	70.41125635252	70.41125635252
"749"	"EU28"	"EU28"	"CF"	2014	43043543743	0	0	0	43043543743	204254029.72	0	0	204254029.72	0	0	0	0	0	204254029.72	0	0	0	0	0	204254029.72	0.474528842094273	0.474528842094273
"750"	"LU"	"Luxembourg"	"TOTAL"	2019	19502403	0	0	0	19502403	549967.77	0	0	549967.77	1879056.55	227196.22	0	1124807.88	0	1077020.22	7321617.53	830013.35	0	0	6718800.4	7795820.62	39.973641299485	39.973641299485
"751"	"TC"	"Interreg"	"ERDF"	2022	9410256783	4572656	0	0	9405684127	277009954.59	0	0	277009954.59	1613325509	415224528.31	0	839575018.47	0	635535916.81	6356155990.23	11483247.39	0	0	6759897271.15	7395433187.96	78.627275678232	78.5890689117022
"752"	"SK"	"Slovakia"	"ERDF"	2023	7314288321	147316596	0	0	7166971725	295265777.04	0	0	295265777.04	1329415136.76	218863191.72	0	794696041.02	0	611121681.06	5575335396.96	60445173.82	0	0	5733753414.86	6344875095.92	88.5293725073263	86.7463082867991
"753"	"IT"	"Italy"	"TOTAL"	2022	27724375038	0	0	0	27724375038	1292490104.31	0	0	1292490104.31	3550362625.53	707863377.74	0	1978725771.39	0	2156263580.71	16137123416.47	132521311.8	0	0	16712465482.41	18868729063.12	68.0582665515737	68.0582665515737
"754"	"FI"	"Finland"	"ERDF"	2018	791976209	0	0	0	791976209	22252604.61	0	0	22252604.61	54778683.73	7506596.28	0	26799502.49	0	42725189.57	240144856.26	0	0	0	247651452.54	290376642.11	36.6648188178087	36.6648188178087
"755"	"SE"	"Sweden"	"TOTAL"	2018	934750041	0	0	0	934750041	26648949	0	0	26648949	65247084.05	10362939.84	0	30720856.55	0	50812236.66	271963794.19	0	0	0	282326734.03	333138970.69	35.6393641163799	35.6393641163799
"756"	"DK"	"Denmark"	"ERDF"	2023	362448078	0	0	0	362448078	24291911.58	0	0	24291911.58	46826289	11144937.52	0	23023399.8	0	36949863.26	193220252.83	0	0	0	204365190.35	241315053.61	66.5792063077239	66.5792063077239
"757"	"EU28"	"EU28"	"CF"	2024	61455291487	20507335	0	0	61434784152	1899468771.83	213640339.36	0	2113109111.19	11513212152.62	3820369154.86	0	6448250457.89	0	3357701651.06	55465638171.37	1224923487.3	0	0	58061083838.93	61418785489.99	99.9739583002841	99.9405974715493
"758"	"FI"	"Finland"	"ERDF"	2022	911500186	0	0	0	911500186	36354536.76	0	0	36354536.76	133665355.31	38535606.54	0	60669166.32	0	70815119.21	649406263.7	0	0	0	687941870.24	758756989.45	83.2426587623318	83.2426587623318
"759"	"UK"	"United Kingdom"	"ERDF"	2019	5856532225	26472308	0	0	5830059917	164281476.84	0	0	164281476.84	562835314.78	46703287.14	0	357955347.73	0	322458156.75	1493796271.21	16432276.13	0	0	1524067282.22	1846525438.97	31.6724950559372	31.5293311473241
"760"	"LT"	"Lithuania"	"ERDF"	2025	3683799188	0	0	0	3683799188	205241059.83	0	0	205241059.83	650736307.51	228092657.73	0	382719611.37	0	245165098.24	3211380277.09	838845.06	0	0	3438634089.76	3683799188	100	100
"761"	"FI"	"Finland"	"TOTAL"	2021	885989090	0	0	0	885989090	32594021.52	0	0	32594021.52	115835351.59	28243382.39	0	53641608.67	0	66544382.05	542530720.05	0	0	0	570774102.44	637318484.49	71.9329946252498	71.9329946252498
"762"	"BG"	"Bulgaria"	"ERDF"	2014	459761907	0	0	0	459761907	0	0	0	0	0	0	0	0	0	0	0	0	0	0	0	0	0	0
"763"	"RO"	"Romania"	"CF"	2016	6934996977	0	0	0	6934996977	260755886.36	0	0	260755886.36	130377943.18	0	0	0	0	391133829.54	0	0	0	0	0	391133829.54	5.64000000053641	5.64000000053641
"764"	"PT"	"Portugal"	"CF"	2024	2781050224	0	0	0	2781050224	94151317.19	0	0	94151317.19	523292999.95	222760488.69	0	247065336.12	0	147618492.33	2410671242.98	0	0	0	2633431731.67	2781050224	100	100
"765"	"RO"	"Romania"	"TOTAL"	2023	18911134853	0	0	0	18911134853	1129302729.02	0	0	1129302729.02	3304685776.16	801498614.69	0	1729543863.68	0	1902946026.81	15130042993.6	11907266.25	0	0	15919634342.04	17822580368.85	94.2438436793373	94.2438436793373
"766"	"LU"	"Luxembourg"	"ERDF"	2019	19502403	0	0	0	19502403	549967.77	0	0	549967.77	1879056.55	227196.22	0	1124807.88	0	1077020.22	7321617.53	830013.35	0	0	6718800.4	7795820.62	39.973641299485	39.973641299485
"767"	"LV"	"Latvia"	"TOTAL"	2018	3750667147	0	0	0	3750667147	105768813.51	0	0	105768813.51	260014999.9	23316437.41	0	139743816.77	0	202723559.23	540401571.45	0	0	0	563718008.86	766441568.09	20.4348063438006	20.4348063438006
"768"	"NL"	"Netherlands"	"ERDF"	2019	510282703	0	0	0	510282703	14306374.02	0	0	14306374.02	49036857.82	3096002.72	0	32150465.08	0	28096764.04	128338677.3	0	0	0	131434680.02	159531444.06	31.263345420509	31.263345420509
"769"	"EU28"	"EU28"	"CF"	2016	63390063899	0	0	0	63390063899	1899468771.83	213640339.36	0	2113109111.19	1191850581.06	0	0	0	0	3304959692.25	2306386093.16	0	0	0	2306386093.16	5611345785.41	8.85209043857506	8.85209043857506
"770"	"DE"	"Germany"	"ERDF"	2018	10773842813	0	0	0	10773842813	303822367.17	0	0	303822367.17	746896652.76	19017418.02	0	449375398.13	0	582326203.78	1635230792.47	0	0	0	1654248210.49	2236574414.27	20.7593005865214	20.7593005865214
"771"	"SI"	"Slovenia"	"TOTAL"	2021	2570805288	0	0	0	2570805288	90866557.31	0	0	90866557.31	334952320.88	42469809.65	0	194218641.1	0	189130427.44	1526419274.73	9306201.74	0	0	1559582882.64	1748713310.08	68.0220053320506	68.0220053320506
"772"	"SI"	"Slovenia"	"ERDF"	2023	1672426573	0	0	0	1672426573	75220034.25	0	0	75220034.25	250164166.49	68498134.09	0	134453679.27	0	122432387.38	1455036121.1	9306201.74	0	0	1514228053.45	1636660440.83	97.8614228721658	97.8614228721658
"773"	"DE"	"Germany"	"TOTAL"	2019	10773842813	0	0	0	10773842813	303822367.17	0	0	303822367.17	1038059754.64	77453371.76	0	669443281	0	594985469.05	2821322591.11	1197358.27	0	0	2897578604.6	3492564073.65	32.4170691393027	32.4170691393027
"774"	"HR"	"Croatia"	"CF"	2015	2559545971	0	0	0	2559545971	48119464.26	0	0	48119464.26	0	0	0	0	0	48119464.26	0	0	0	0	0	48119464.26	1.88000000020316	1.88000000020316
"775"	"HR"	"Croatia"	"CF"	2018	2509755644	0	0	0	2509755644	72179196.39	0	0	72179196.39	176153444.52	0	0	111276261.1	0	137056379.81	82915344.52	0	0	0	82915344.52	219971724.33	8.76466698484691	8.76466698484691
"776"	"SI"	"Slovenia"	"TOTAL"	2019	2330732258	0	0	0	2330732258	64458524.01	0	0	64458524.01	222611026.03	18936111.25	0	140686875.49	0	127446563.3	681897860.25	0	0	0	700833971.5	828280534.8	35.5373523474012	35.5373523474012
"777"	"RO"	"Romania"	"TOTAL"	2020	17661077676	0	0	0	17661077676	664056520.67	0	0	664056520.67	2199687224.64	163754408.5	0	1137801428.81	0	1562187908	5736619966.64	2288074.45	0	0	5898086300.69	7460274208.69	42.241330600272	42.241330600272
"778"	"BG"	"Bulgaria"	"TOTAL"	2023	6105386534	34502247	0	0	6070884287	248896575.12	0	0	248896575.12	1077920613.47	305698981.96	0	551451238.1	0	469666968.53	4515886238.92	27215466.14	0	0	4794369754.74	5264036723.27	86.7095545626235	86.2195488189872
"779"	"BE"	"Belgium"	"TOTAL"	2022	1077621364	0	0	0	1077621364	42388295.19	0	0	42388295.19	159161146.73	32244774.13	0	85287752.5	0	84016915.29	571079383.11	479461.1	0	0	602844696.14	686861611.43	63.7386780158527	63.7386780158527
"780"	"PT"	"Portugal"	"ERDF"	2022	12370087137	0	0	0	12370087137	553394273.89	0	0	553394273.89	1762040595.56	568684827.72	0	801896262.56	0	944853779.17	10014659500.9	17296341.1	0	0	10566047987.52	11510901766.69	93.0543304926276	93.0543304926276
"781"	"EE"	"Estonia"	"ERDF"	2017	1856562743	0	0	0	1856562743	52854171.27	0	0	52854171.27	81483514.03	6184484.15	0	29051630.03	0	99101571.12	194774746.82	0	0	0	200959230.97	300060802.09	16.1621686754919	16.1621686754919
"782"	"BG"	"Bulgaria"	"ERDF"	2018	3567667612	0	0	0	3567667612	100608226.62	0	0	100608226.62	247328557.14	31568034.46	0	123536314.94	0	192832434.36	763287310.03	0	0	0	794855344.49	987687778.85	27.6844113932551	27.6844113932551
"783"	"DE"	"Germany"	"ERDF"	2014	10083052883	0	0	0	10083052883	74044322.12	0	0	74044322.12	0	0	0	0	0	74044322.12	0	0	0	0	0	74044322.12	0.734344280241141	0.734344280241141
"784"	"TC"	"Interreg"	"ERDF"	2018	9410256783	0	0	0	9410256783	277009954.59	0	0	277009954.59	684121520.73	7305906.73	0	420093479.38	0	533732089.21	1002895464.3	159062.3	0	0	1010042308.73	1543774397.94	16.4052313718887	16.4052313718887
"785"	"LU"	"Luxembourg"	"ERDF"	2017	19502403	0	0	0	19502403	549967.77	0	0	549967.77	847866.98	0	0	366645.18	0	1031189.57	1582122.9	0	0	0	1582122.9	2613312.47	13.3999511239717	13.3999511239717
"786"	"AT"	"Austria"	"TOTAL"	2023	693957603	0	0	0	693957603	70841758.02	0	0	70841758.02	107049609.22	11115992.47	0	69068234.69	0	97707140.08	490424987.7	1916392.7	0	0	499624587.47	597331727.55	86.0761125705254	86.0761125705254
"787"	"DK"	"Denmark"	"ERDF"	2024	362448078	0	0	0	362448078	24291911.58	0	0	24291911.58	46826289	11415134.16	0	30002164.72	0	29700901.7	323654756.92	2322714.78	0	0	332747176.3	362448078	100	100
"788"	"EU28"	"EU28"	"CF"	2023	61455291487	20507335	0	0	61434784152	1899468771.83	213640339.36	0	2113109111.19	11513212152.62	3272993810.89	0	5791959489.6	0	4561367963.32	53128339192.09	1154963808.3	0	0	55246369194.68	59807737158	97.3515867005011	97.3191009445484
"789"	"HU"	"Hungary"	"TOTAL"	2023	17406099478	0	0	0	17406099478	708633792.81	0	0	708633792.81	2955716095.18	352836635.1	0	2017946993.73	0	1293566259.16	17300263612.95	1614904259.49	0	0	16038195988.56	17331762247.72	99.5729242477675	99.5729242477675
"790"	"CZ"	"Czechia"	"CF"	2015	6258925722	0	0	0	6258925722	117667803.58	0	0	117667803.58	0	0	0	0	0	117667803.58	0	0	0	0	0	117667803.58	1.88000000010225	1.88000000010225
"791"	"LT"	"Lithuania"	"CF"	2020	2039817626	0	0	0	2039817626	57779477.04	0	0	57779477.04	255192690.27	9168302.5	0	156416953.85	0	147386910.96	1284324082.89	0	0	0	1293492385.39	1440879296.35	70.6376529932975	70.6376529932975
"792"	"PT"	"Portugal"	"ERDF"	2016	10776915712	0	0	0	10776915712	354560526.94	0	0	354560526.94	202606015.38	0	0	0	0	557166542.32	499231481.47	0	0	0	499231481.47	1056398023.79	9.80241519949637	9.80241519949637
"793"	"PT"	"Portugal"	"CF"	2018	2861742164	0	0	0	2861742164	94151317.19	0	0	94151317.19	198390275.51	9952323.96	0	114461916.61	0	168127352.13	426739023.91	0	0	0	436691347.87	604818700	21.1346328683439	21.1346328683439
"794"	"FR"	"France"	"ERDF"	2015	8426107776	0	0	0	8426107776	158459821.62	0	0	158459821.62	0	0	0	0	0	158459821.62	0	0	0	0	0	158459821.62	1.88058147168898	1.88058147168898
"795"	"EU28"	"EU28"	"TOTAL"	2021	285452277638	198871609	0	0	285253406029	10374961811.01	750910432.28	21531983.27	11104340260.02	37982917399.16	6843576152.29	0	20807574590.91	0	21436106915.98	158997952066.5	1581184477.8	0	0	164260343740.99	185696450656.97	65.0987671775921	65.0534135490288
"796"	"UK"	"United Kingdom"	"TOTAL"	2018	5856532225	3342730	0	0	5853189495	164281476.84	0	0	164281476.84	404658634.87	22931561.55	0	230335715.29	0	315672834.87	970331516.26	0	0	0	993263077.81	1308935912.68	22.3627803917529	22.3500163986548
"797"	"CZ"	"Czechia"	"CF"	2017	6143946095	0	0	0	6143946095	176501705.37	0	0	176501705.37	272106795.78	0	0	117667803.58	0	330940697.57	763254730.63	0	0	0	763254730.63	1094195428.2	17.8093266327722	17.8093266327722
"798"	"CZ"	"Czechia"	"CF"	2020	6143946095	0	0	0	6143946095	176501705.37	0	0	176501705.37	770227225.41	160220611.82	0	351312943.63	0	435195375.33	3182180602.29	0	0	0	3342401214.11	3777596589.44	61.4848589331577	61.4848589331577
"799"	"BG"	"Bulgaria"	"TOTAL"	2014	1604449168	0	0	0	1604449168	0	0	0	0	0	0	0	0	0	0	0	0	0	0	0	0	0	0
"800"	"NL"	"Netherlands"	"TOTAL"	2016	507318228	0	0	0	507318228	14306374.02	0	0	14306374.02	9537582.68	0	0	0	0	23843956.7	0	0	0	0	0	23843956.7	4.69999999684616	4.69999999684616
"801"	"FI"	"Finland"	"ERDF"	2019	791976209	0	0	0	791976209	22252604.61	0	0	22252604.61	76181840.74	13914459.75	0	40864223.98	0	43655761.62	332936165.4	0	0	0	346850625.15	390506386.77	49.3078431311817	49.3078431311817
"802"	"SK"	"Slovakia"	"TOTAL"	2018	11459711649	26973102	0	0	11432738547	325105019.97	0	0	325105019.97	797437118.58	38880452.16	0	462323120.33	0	621338566.06	1898960715.07	9710770.39	0	0	1928130396.84	2549468962.9	22.2997224367472	22.2472348431426
"803"	"BE"	"Belgium"	"TOTAL"	2014	949587368	0	0	0	949587368	8036204.86	0	0	8036204.86	0	0	0	0	0	8036204.86	0	0	0	0	0	8036204.86	0.84628388401224	0.84628388401224
"804"	"FI"	"Finland"	"ERDF"	2015	789099456	0	0	0	789099456	14835069.74	0	0	14835069.74	0	0	0	0	0	14835069.74	0	0	0	0	0	14835069.74	1.87999999584336	1.87999999584336
"805"	"BG"	"Bulgaria"	"CF"	2021	2206897416	0	0	0	2206897416	64248261.45	0	0	64248261.45	327901103.07	49666248.06	0	184020982.15	0	158462134.31	810133220.56	0	0	0	859799468.62	1018261602.93	46.1399608132035	46.1399608132035
"806"	"HR"	"Croatia"	"TOTAL"	2020	6831255232	0	0	0	6831255232	194045484.78	0	0	194045484.78	852997473.75	83512384.29	0	452043496.7	0	511487077.54	2122848216.66	0	0	0	2206360600.95	2717847678.49	39.7854799182242	39.7854799182242
"807"	"BG"	"Bulgaria"	"TOTAL"	2019	5845974756	0	0	0	5845974756	164856488.07	0	0	164856488.07	560327167.62	74110571.39	0	332181628.49	0	318891455.81	1566059456.93	0	0	0	1640170028.32	1959061484.13	33.5112888080696	33.5112888080696
"808"	"SI"	"Slovenia"	"ERDF"	2018	1416685363	0	0	0	1416685363	39209079.75	0	0	39209079.75	97068647.91	0	0	60447331.28	0	75830396.38	118529855.9	0	0	0	118529855.9	194360252.28	13.7193661596403	13.7193661596403
"809"	"EU28"	"EU28"	"ERDF"	2017	198818133267	0	0	0	198818133267	5877997173.05	537270092.92	0	6415267265.97	8562085066.74	44390179.24	0	3658204393.16	0	11274757760.31	13695068925.41	0	0	0	13739459104.65	25014216864.96	12.5814564566742	12.5814564566742
"810"	"AT"	"Austria"	"ERDF"	2016	536262079	0	0	0	536262079	15122590.62	0	0	15122590.62	10081727.08	0	0	0	0	25204317.7	0	0	0	0	0	25204317.7	4.69999999757581	4.69999999757581
"811"	"EU28"	"EU28"	"TOTAL"	2017	262100741552	0	0	0	262100741552	7777465944.88	750910432.28	0	8528376377.16	11318070237.75	104425433.29	0	4769841268.79	0	14972179912.83	21124223398.52	0	0	0	21228648831.81	36200828744.64	13.8117994364613	13.8117994364613
"812"	"SK"	"Slovakia"	"TOTAL"	2023	11305289748	147316596	0	0	11157973152	412810467.27	0	0	412810467.27	2088030937.56	367937274.44	0	1211770735.76	0	921133394.63	8692460025.59	101674712.82	0	0	8958722587.21	9879855981.84	88.5452568065114	87.3914442006038
"813"	"DE"	"Germany"	"ERDF"	2024	12288205012	0	0	0	12288205012	480506440.17	0	0	480506440.17	2057845907.31	683454013.46	0	1182697512.9	0	672200821.12	10880247268.42	7045175.33	0	0	11556656106.55	12228856927.67	99.5170321111013	99.5170321111013
"814"	"PT"	"Portugal"	"TOTAL"	2019	13638657876	0	0	0	13638657876	448711844.13	0	0	448711844.13	1314107300.31	225496798.36	0	717097348.31	0	820224997.77	4978216740.4	0	0	0	5203713538.76	6023938536.53	44.1681182364017	44.1681182364017
"815"	"ES"	"Spain"	"ERDF"	2023	29101440102	2111646	0	0	29099328456	1684672125.11	0	21531983.27	1663140141.84	3957618233.99	842443874.61	0	2113635928.38	0	2664678572.84	18817997891.03	205667492.77	0	0	19454774272.87	22119452845.71	76.0136196240955	76.0081039569923
"816"	"FI"	"Finland"	"TOTAL"	2024	911500186	0	0	0	911500186	36354536.76	0	0	36354536.76	145781633.4	59669183.85	0	70292364.41	0	52174621.9	799656380.25	0	0	0	859325564.1	911500186	100	100
"817"	"LU"	"Luxembourg"	"TOTAL"	2020	19502403	0	0	0	19502403	549967.77	0	0	549967.77	2429024.32	559464.31	0	1124807.88	0	1294719.9	10031112.93	830013.35	0	0	9760563.89	11055283.79	56.6867774704481	56.6867774704481
"818"	"BE"	"Belgium"	"ERDF"	2019	953009307	0	0	0	953009307	26778362.34	0	0	26778362.34	91673672.55	7566940.22	0	58351657.43	0	52533437.24	245212919.35	0	0	0	252779859.57	305313296.81	32.0367591971481	32.0367591971481
"819"	"CZ"	"Czechia"	"TOTAL"	2018	18084635726	0	0	0	18084635726	513229152.96	0	0	513229152.96	1258716110.99	36148278.24	0	755079999.25	0	980716986.46	2995081274.49	0	0	0	3031229552.73	4011946539.19	22.1842817293914	22.1842817293914
"820"	"FI"	"Finland"	"TOTAL"	2023	911500186	0	0	0	911500186	36354536.76	0	0	36354536.76	145781633.4	50489421.84	0	66551480.54	0	65095267.78	746086862.62	0	0	0	796576284.46	861671552.24	94.5333380590226	94.5333380590226
"821"	"MT"	"Malta"	"ERDF"	2022	379516282	0	0	0	379516282	10838782.71	0	0	10838782.71	62498695.88	13654990.97	0	36013546.46	0	23668941.16	224690345.57	0	0	0	238345336.54	262014277.7	69.0390083711876	69.0390083711876
"822"	"PL"	"Poland"	"TOTAL"	2014	42485632339	0	0	0	42485632339	124132607.37	0	0	124132607.37	0	0	0	0	0	124132607.37	0	0	0	0	0	124132607.37	0.292175496835083	0.292175496835083
"823"	"CZ"	"Czechia"	"TOTAL"	2019	18084635726	0	0	0	18084635726	513229152.96	0	0	513229152.96	1747453391.48	127742076.71	0	1130974034.28	0	1001966433.45	5651673339.12	15959292.83	0	0	5763456123	6765422556.45	37.4097806500103	37.4097806500103
"824"	"LU"	"Luxembourg"	"TOTAL"	2016	19502403	0	0	0	19502403	549967.77	0	0	549967.77	366645.18	0	0	0	0	916612.95	312993.86	0	0	0	312993.86	1229606.81	6.30489899116535	6.30489899116535
"825"	"UK"	"United Kingdom"	"ERDF"	2015	5825584287	0	0	0	5825584287	109520984.56	0	0	109520984.56	0	0	0	0	0	109520984.56	0	0	0	0	0	109520984.56	1.8799999993889	1.8799999993889
"826"	"BG"	"Bulgaria"	"ERDF"	2022	3898489118	0	0	0	3898489118	184648313.67	0	0	184648313.67	585813831.4	177430169.81	0	282127141.04	0	310904834.22	2510246588.43	0	0	0	2687676758.24	2998581592.46	76.9165053870493	76.9165053870493
"827"	"CY"	"Cyprus"	"TOTAL"	2020	558754752	0	0	0	558754752	21123211.09	0	0	21123211.09	72637557.36	22173378.81	0	27031836.02	0	44555553.62	250655282.36	0	0	0	272828661.17	317384214.79	56.8020609496311	56.8020609496311
"828"	"HU"	"Hungary"	"ERDF"	2020	10803696737	0	0	0	10803696737	303341215.56	0	0	303341215.56	1341509138.13	146877560	0	643050048.1	0	854922745.59	5943140086	203498422.96	0	0	5886519223.04	6741441968.63	62.3994002491964	62.3994002491964
"829"	"EE"	"Estonia"	"CF"	2022	1061534677	0	0	0	1061534677	30267677.07	0	0	30267677.07	175187979.81	38388453.92	0	71369411.3	0	95697791.66	933972071.16	59865385.94	0	0	912495139.14	1008192930.8	94.9750349794744	94.9750349794744
"830"	"CY"	"Cyprus"	"CF"	2020	258856192	0	0	0	258856192	10134768	0	0	10134768	35624831.75	8693660.27	0	14356522.42	0	22709417.06	107751909.91	0	0	0	116445570.18	139154987.24	53.7576428691341	53.7576428691341
"831"	"FR"	"France"	"TOTAL"	2017	8426107776	0	0	0	8426107776	237689732.43	0	0	237689732.43	366438337.67	0	0	158459821.62	0	445668248.48	575108085.49	0	0	0	575108085.49	1020776333.97	12.1144466829331	12.1144466829331
"832"	"NL"	"Netherlands"	"TOTAL"	2018	510282703	0	0	0	510282703	14306374.02	0	0	14306374.02	35246467.8	0	0	22055659.94	0	27497181.88	80402560.1	0	0	0	80402560.1	107899741.98	21.1450910143823	21.1450910143823
"833"	"EU28"	"EU28"	"ERDF"	2021	223996986151	198871609	0	0	223798114542	8475493039.18	537270092.92	21531983.27	8991231148.83	28867275181.72	5134500641.45	0	15910999861.73	0	16813005827.37	121297402527.72	819901170.67	0	0	125612001998.5	142425007825.87	63.6399498348505	63.5834482745491
"834"	"GR"	"Greece"	"ERDF"	2025	10980751660	0	0	0	10980751660	548193834.67	537270092.92	0	1085463927.59	1468949559.57	842390368.8	0	819793798.31	0	892229320.05	9361054903.12	114922931.99	0	0	10088522339.93	10980751659.98	99.9999999998179	99.9999999998179
"835"	"DK"	"Denmark"	"ERDF"	2020	206615841	0	0	0	206615841	5826566.73	0	0	5826566.73	25734003.08	2829554.48	0	11668891.75	0	17062123.58	82568697.37	0	0	0	85398251.85	102460375.43	49.5897966652034	49.5897966652034
"836"	"EE"	"Estonia"	"ERDF"	2021	2021576151	0	0	0	2021576151	70508305.68	0	0	70508305.68	272685548.91	57449527.96	0	136376833.77	0	149367492.86	1211632660.03	0	0	0	1269082187.99	1418449680.85	70.1655329752651	70.1655329752651
"837"	"FI"	"Finland"	"TOTAL"	2025	911584250.39	0	0	84064.39	911500186	36354536.76	0	0	36354536.76	145781633.4	59669183.85	52090557.51	70292364.41	84064.39	0	799656380.25	0	0	0	911416121.61	911500186	100	99.9907782094783
"838"	"LV"	"Latvia"	"CF"	2018	1349414695	0	0	0	1349414695	38053494.39	0	0	38053494.39	93548173.72	11610221.42	0	47055582.44	0	72935864.25	199446921.31	0	0	0	211057142.73	283993006.98	21.045643569192	21.045643569192
"839"	"GR"	"Greece"	"CF"	2015	3247019501	0	0	0	3247019501	91560145.44	106820169.68	0	198380315.12	0	0	0	0	0	198380315.12	0	0	0	0	0	198380315.12	6.10961267891689	6.10961267891689
"840"	"HR"	"Croatia"	"ERDF"	2018	4321499588	0	0	0	4321499588	121866288.39	0	0	121866288.39	299587958.99	6072592.62	0	181804602.01	0	233577052.75	293927725	0	0	0	300000317.62	533577370.37	12.3470420279952	12.3470420279952
"841"	"HU"	"Hungary"	"ERDF"	2017	10756780690	0	0	0	10756780690	303341215.56	0	0	303341215.56	467651040.66	0	0	202227477.04	0	568764779.18	1429787204.89	0	0	0	1429787204.89	1998551984.07	18.5794620311256	18.5794620311256
"842"	"GR"	"Greece"	"CF"	2020	2775403635	0	0	0	2775403635	122080193.92	213640339.36	0	335720533.28	405749939.58	24061329.9	0	213389073.94	0	504020069.02	916917388.81	25977581.55	0	0	915001137.16	1419021206.18	51.1284624796566	51.1284624796566
"843"	"PT"	"Portugal"	"TOTAL"	2016	13638657876	0	0	0	13638657876	448711844.13	0	0	448711844.13	256406768.06	0	0	0	0	705118612.19	539212604.4	0	0	0	539212604.4	1244331216.59	9.12356060180712	9.12356060180712
"844"	"LV"	"Latvia"	"TOTAL"	2022	3912472250	0	0	0	3912472250	133257057.36	0	0	133257057.36	622976501.38	57754339.3	0	388330905.77	0	310148313.67	2594980425.33	3090265.68	0	0	2649644498.95	2959792812.62	75.650193113063	75.650193113063
"845"	"ES"	"Spain"	"TOTAL"	2015	19408883778	0	0	0	19408883778	456108768.85	0	0	456108768.85	0	0	0	0	0	456108768.85	455852047.78	0	0	0	455852047.78	911960816.63	4.69867730190496	4.69867730190496
"846"	"LT"	"Lithuania"	"ERDF"	2015	3501411767	0	0	0	3501411767	65826541.22	0	0	65826541.22	0	0	0	0	0	65826541.22	0	0	0	0	0	65826541.22	1.88000000001142	1.88000000001142
"847"	"SK"	"Slovakia"	"ERDF"	2020	7078505337	147316596	0	0	6931188741	207560329.74	0	0	207560329.74	905949004.53	41543574.59	0	483526461.28	0	588439298.4	1821923964.11	15038216.49	0	0	1848429322.21	2436868620.61	35.1580185112434	34.4263160737093
"848"	"IT"	"Italy"	"ERDF"	2023	27724375038	0	0	0	27724375038	1292490104.31	0	0	1292490104.31	4014671776.99	1035905221.2	0	2135601408.57	0	2135655251.53	19497557624.74	152259155.47	0	0	20381203690.47	22516858942	81.216831438536	81.216831438536
"849"	"IT"	"Italy"	"TOTAL"	2024	27724375038	0	0	0	27724375038	1292490104.31	0	0	1292490104.31	4014671776.99	1397309431.18	0	2371655178.06	0	1538197272.06	23555578100.75	161827751.07	0	0	24791059780.86	26329257052.92	94.9679010503652	94.9679010503652
"850"	"EU28"	"EU28"	"ERDF"	2024	230239167263	233603414	0	0	230005563849	10925467047.62	537270092.92	21531983.27	11441205157.27	37070262800.21	13228445688.16	0	21378387934.48	0	13904634334.84	201956522320.48	1876068840.4	0	0	213308899168.24	227213533503.08	98.7861031275953	98.6858735653505
"851"	"PT"	"Portugal"	"ERDF"	2024	12707935176	0	0	0	12707935176	553394273.89	0	0	553394273.89	1943225820.81	872472437.9	0	915799293.89	0	708348362.91	11144410716.29	17296341.1	0	0	11999586813.09	12707935176	100	100
"852"	"UK"	"United Kingdom"	"ERDF"	2018	5856532225	3342730	0	0	5853189495	164281476.84	0	0	164281476.84	404658634.87	22931561.55	0	230335715.29	0	315672834.87	970331516.26	0	0	0	993263077.81	1308935912.68	22.3627803917529	22.3500163986548
"853"	"PT"	"Portugal"	"TOTAL"	2022	15151137361	0	0	0	15151137361	647545591.08	0	0	647545591.08	2229712591.03	701723324.08	0	1027441582.05	0	1148093275.98	11925101119.53	17296341.1	0	0	12609528102.51	13757621378.49	90.802565184994	90.802565184994
"854"	"EU28"	"EU28"	"TOTAL"	2024	291694458750	254110749	0	0	291440348001	12824935819.45	750910432.28	21531983.27	13554314268.46	48583474952.83	17048814843.02	0	27826638392.37	0	17262335985.9	257422160491.85	3100992327.7	0	0	271369983007.17	288632318993.07	99.0364995694006	98.9502235421091
"855"	"PT"	"Portugal"	"TOTAL"	2021	15107573943	0	0	0	15107573943	594523258.56	0	0	594523258.56	1998578892.09	456080677.39	0	971734010.47	0	1165287462.79	10197767095.62	16625259.28	0	0	10637222513.73	11802509976.52	78.1231322848406	78.1231322848406
"856"	"EU28"	"EU28"	"ERDF"	2022	229892992343	214005126	0	0	229678987217	10925467047.62	537270092.92	21531983.27	11441205157.27	33170773991.75	7752180882.34	0	17479722556.02	0	19380075710.66	152619238883.99	1165502792.72	0	0	159205916973.61	178585992684.27	77.7546064828048	77.6822254842026
"857"	"PT"	"Portugal"	"TOTAL"	2024	15488985400	0	0	0	15488985400	647545591.08	0	0	647545591.08	2466518820.76	1095232926.59	0	1162864630.01	0	855966855.24	13555081959.27	17296341.1	0	0	14633018544.76	15488985400	100	100
"858"	"EU28"	"EU28"	"ERDF"	2023	230239167263	233603414	0	0	230005563849	10925467047.62	537270092.92	21531983.27	11441205157.27	37070262800.21	10697502988.52	0	19189430451.47	0	18624534517.49	179920454665.64	1480102652.51	0	0	189137855001.65	207762389519.14	90.3292885799655	90.2376394029497
"859"	"EU28"	"EU28"	"TOTAL"	2023	291694458750	254110749	0	0	291440348001	12824935819.45	750910432.28	21531983.27	13554314268.46	48583474952.83	13970496799.41	0	24981389941.07	0	23185902480.81	233048793857.73	2635066460.81	0	0	244384224196.33	267570126677.14	91.8095687547772	91.7295884960448
"860"	"PT"	"Portugal"	"TOTAL"	2023	15488985400	0	0	0	15488985400	647545591.08	0	0	647545591.08	2466518820.76	954563701.26	0	1062099762.17	0	1097400948.41	13116216292.63	17296341.1	0	0	14053483652.79	15150884601.2	97.8171533507934	97.8171533507934
"861"	"EU28"	"EU28"	"TOTAL"	2022	291348283830	214005126	0	0	291134278704	12824935819.45	750910432.28	21531983.27	13554314268.46	43514305312.09	10235599059.17	0	22831060448.95	0	24001960072.43	198489679560.63	2073512666.05	0	0	206651765953.75	230653726026.18	79.2258909026266	79.1676968177252
"862"	"PT"	"Portugal"	"ERDF"	2023	12707935176	0	0	0	12707935176	553394273.89	0	0	553394273.89	1943225820.81	770712540.56	0	831746102.54	0	894161451.6	10809137503.02	17296341.1	0	0	11562553702.48	12456715154.08	98.0231247764432	98.0231247764432
"863"	"EU28"	"EU28"	"TOTAL"	2026	291728163272.88	254110749	12693579.91	21010942.97	291440348001	12824935819.45	750910432.28	21531983.27	13554314268.46	48583474952.83	17096363740.91	791831713.06	27826638392.37	21010942.97	16401944431.98	259621992763.15	3100992327.7	0	1943901.99	274411139791.41	290834095166.36	99.7919804725741	99.6935269819377
"864"	"EU28"	"EU28"	"ERDF"	2026	230272871785.88	233603414	12693579.91	21010942.97	230005563849	10925467047.62	537270092.92	21531983.27	11441205157.27	37070262800.21	13275994586.05	603056006.33	21378387934.48	21010942.97	13233018487.65	204140355929.77	1876068840.4	0	1943901.99	216145281583.74	229399311014.36	99.7364181872409	99.6206410400213
"865"	"EU28"	"EU28"	"TOTAL"	2025	291728163272.88	254110749	12693579.91	21010942.97	291440348001	12824935819.45	750910432.28	21531983.27	13554314268.46	48583474952.8299	17092589561.14	791831713.06	27826638392.37	21010942.97	16405718611.75	259621992763.15	3100992327.7	0	1943901.99	274407365611.64	290834095166.36	99.7919804725741	99.6935269819377
"866"	"TC"	"Interreg"	"TOTAL"	2025	9435470395.15	10176032	5676635.82	19536976.33	9400080751	277009954.59	0	0	277009954.59	1788194898.31	698598436.46	144346372.53	941609397.3	19536976.33	261113670.28	8183169837.89	12084792.93	0	583939.51	9014613793.46	9295264440.07	98.8849424413844	98.5140544222144
"867"	"SE"	"Sweden"	"ERDF"	2025	1013298307.75	19872	3882171.5	1389902.25	1008006362	35269351.35	0	0	35269351.35	177032301.79	76796203.45	26317248.51	86056740.85	1389902.25	21741558.08	874422545.91	1692594.81	0	0	975843403.06	998974863.39	99.1040236500015	98.5864533424708
"868"	"TC"	"Interreg"	"TOTAL"	2024	9410256783	10176032	0	0	9400080751	277009954.59	0	0	277009954.59	1788194898.31	696544627.380001	0	941609397.3	0	427050828.22	8144190516.97	12084792.93	0	0	8828650351.42	9255701179.64	98.4640603077305	98.3575835715853
"869"	"TC"	"Interreg"	"ERDF"	2025	9435470395.15	10176032	5676635.82	19536976.33	9400080751	277009954.59	0	0	277009954.59	1788194898.31	698598436.46	144346372.53	941609397.3	19536976.33	261113670.28	8183169837.89	12084792.93	0	583939.51	9014613793.46	9295264440.07	98.8849424413844	98.5140544222144
"870"	"TC"	"Interreg"	"ERDF"	2024	9410256783	10176032	0	0	9400080751	277009954.59	0	0	277009954.59	1788194898.31	696544627.380001	0	941609397.3	0	427050828.22	8144190516.97	12084792.93	0	0	8828650351.42	9255701179.64	98.4640603077305	98.3575835715853
"871"	"UK"	"United Kingdom"	"TOTAL"	2016	5825584287	0	0	0	5825584287	164281476.84	0	0	164281476.84	109520984.56	0	0	0	0	273802461.4	66689245.36	0	0	0	66689245.36	340491706.76	5.84476491945742	5.84476491945742
"872"	"FI"	"Finland"	"ERDF"	2026	911584250.39	0	0	84064.39	911500186	36354536.76	0	0	36354536.76	145781633.4	59669183.85	52090557.51	70292364.41	84064.39	0	799656380.25	0	0	0	911416121.61	911500186	100	99.9907782094783
"873"	"IE"	"Ireland"	"TOTAL"	2026	470775098	0	0	0	470775098	13462894.8	0	0	13462894.8	74779010.11	19729107.21	0	47836199.41	0	20676598.29	441174693.99	10805301.49	0	0	450098499.71	470775098	100	100
"874"	"ES"	"Spain"	"ERDF"	2016	19408883778	0	0	0	19408883778	638552276.36	0	0	638552276.36	364887015.02	0	0	0	0	1003439291.38	646955081.69	0	0	0	646955081.69	1650394373.07	8.50329360486318	8.50329360486318
"875"	"SK"	"Slovakia"	"ERDF"	2026	7314288321	147316596	0	0	7166971725	295265777.04	0	0	295265777.04	1329415136.76	262326538.41	6822341.97	889734931.4	0	465797102.02	6473245971.7	60445173.82	0	1359962.48	6683309640.74	7149106742.76	99.7507317884668	97.7416589148428
"876"	"GR"	"Greece"	"CF"	2026	2775403635	0	0	0	2775403635	122080193.92	213640339.36	0	335720533.28	569840704	86342849.64	0	415982156.39	0	403236231.25	2326548097.99	40723543.88	0	0	2372167403.75	2775403635	100	100
"877"	"MT"	"Malta"	"CF"	2026	204992109	0	0	0	204992109	6140327.46	0	0	6140327.46	39419306.16	14763487.05	0	22342003.18	0	8454143.39	181774478.56	0	0	0	196537965.61	204992109	100	100
"878"	"MT"	"Malta"	"ERDF"	2026	379516282	0	0	0	379516282	10838782.71	0	0	10838782.71	69509021.52	23014093.27	0	41589037.22	0	15744673.74	332509207.94	0	0	0	355523301.21	371267974.95	97.8266263026892	97.8266263026892
"879"	"SI"	"Slovenia"	"ERDF"	2026	1672426573	0	0	0	1672426573	75220034.25	0	0	75220034.25	250164166.49	92221653.25	0	147756471.52	0	85406075.97	1504105045.52	9306201.74	0	0	1587020497.03	1672426573	100	100
"880"	"SK"	"Slovakia"	"TOTAL"	2022	11305289748	147316596	0	0	11157973152	412810467.27	0	0	412810467.27	1869708671.95	216468235.86	0	1138652023.96	0	927398879.4	6490574604.12	101674712.82	0	0	6605368127.16	7532767006.56	67.5101732540896	66.6304639197117
"881"	"SE"	"Sweden"	"TOTAL"	2016	944998230	0	0	0	944998230	26648949	0	0	26648949	17765966	0	0	0	0	44414915	44236589.52	0	0	0	44236589.52	88651504.52	9.38112916042182	9.38112916042182
"882"	"DK"	"Denmark"	"TOTAL"	2026	362448078	0	0	0	362448078	24291911.58	0	0	24291911.58	46826289	11415134.16	0	30002164.72	0	29700901.7	323654756.92	2322714.78	0	0	332747176.3	362448078	100	100
"883"	"PT"	"Portugal"	"CF"	2026	2781050224	0	0	0	2781050224	94151317.19	0	0	94151317.19	523292999.95	222760488.69	0	247065336.12	0	147618492.33	2410671242.98	0	0	0	2633431731.67	2781050224	100	100
"884"	"PL"	"Poland"	"CF"	2026	23139930966	0	0	0	23139930966	654465290.97	0	0	654465290.97	4278864643.08	2078188156.45	29426924.25	1823222295.83	0	1002492557.52	20030016978.39	193650.61	0	0	22137438408.48	23139930966	100	100
"885"	"GR"	"Greece"	"ERDF"	2026	10980751660	0	0	0	10980751660	548193834.67	537270092.92	0	1085463927.59	1468949559.57	842390368.8	0	819793798.31	0	892229320.05	9361054903.12	114922931.99	0	0	10088522339.93	10980751659.98	99.9999999998179	99.9999999998179
"886"	"RO"	"Romania"	"TOTAL"	2026	18911134853	0	0	0	18911134853	1129302729.02	0	0	1129302729.02	3304685776.16	941664619.38	0	1962973200.26	0	1529350685.54	16521525430.54	97679377	0	0	17365510672.92	18894861358.46	99.9139475517123	99.9139475517123
"887"	"BG"	"Bulgaria"	"TOTAL"	2026	6105386534	34502247	0	0	6070884287	248896575.12	0	0	248896575.12	1077920613.47	346846370.17	0	630371580.57	0	349599237.85	5383773840.12	27215466.14	0	0	5703404744.15	6053003982	99.7054744555371	99.1420272621842
"888"	"RO"	"Romania"	"ERDF"	2026	12376137876	0	0	0	12376137876	868546842.66	0	0	868546842.66	2048832083.97	618860125.77	0	1203387833.42	0	1095130967.44	10743552665.25	97679377	0	0	11264733414.02	12359864381.46	99.8685091043502	99.8685091043502
"889"	"CY"	"Cyprus"	"CF"	2026	258856192	0	0	0	258856192	10134768	0	0	10134768	51156203.27	21385187.23	0	25511673.5	0	14394110.54	223076894.23	0	0	0	244462081.46	258856192	100	100
"890"	"AT"	"Austria"	"ERDF"	2026	693957603	0	0	0	693957603	70841758.02	0	0	70841758.02	107049609.22	17400521.85	0	75961071.52	0	84529773.87	593680448.89	2472311.1	0	0	608608659.64	693138433.51	99.8819568390837	99.8819568390837
"891"	"RO"	"Romania"	"CF"	2026	6534996977	0	0	0	6534996977	260755886.36	0	0	260755886.36	1255853692.19	322804493.61	0	759585366.84	0	434219718.1	5777972765.29	0	0	0	6100777258.9	6534996977	100	100
"892"	"DE"	"Germany"	"TOTAL"	2026	12288549758.25	0	344746.25	0	12288205012	480506440.17	0	0	480506440.17	2057845907.31	683454013.46	64452970.7	1182697512.9	0	607747850.42	10894833090.94	7045175.33	0	0	11635694899.77	12243442750.19	99.6357298582967	99.6329346509769
"893"	"SI"	"Slovenia"	"TOTAL"	2026	2586473468	0	0	0	2586473468	100469478.51	0	0	100469478.51	418039558.84	134548156.92	0	259942057.16	0	124018823.27	2344826783.19	16920295.38	0	0	2462454644.73	2586473468	100	100
"894"	"PL"	"Poland"	"ERDF"	2020	40297613421	0	0	0	40297613421	1134031140.72	0	0	1134031140.72	5008637538.34	929902595.67	0	2403592964.58	0	2809173118.81	20348548834.92	103176280.44	0	0	21175275150.15	23984448268.96	59.5182846646227	59.5182846646227
"895"	"LV"	"Latvia"	"ERDF"	2026	2665837658	0	0	0	2665837658	95203562.97	0	0	95203562.97	458358270.63	57202247.58	0	336335169.04	0	160024416.98	2450118374.13	1507380.69	0	0	2505813241.02	2665837658	100	100
"896"	"UK"	"United Kingdom"	"ERDF"	2021	5861030512	46154833	0	0	5814875679	164281476.84	0	0	164281476.84	843373391.98	185167864.66	0	457606179.1	0	364880825.06	3134198585.4	16432276.13	0	0	3302934173.93	3667814998.99	63.0764130045986	62.5796946711067
"897"	"LV"	"Latvia"	"CF"	2026	1246634592	0	0	0	1246634592	38053494.39	0	0	38053494.39	242867675.75	27603019.68	0	181109707.95	0	72208442.51	1148406014.8	1582884.99	0	0	1174426149.49	1246634592	100	100
"898"	"SE"	"Sweden"	"ERDF"	2021	992219390	19872	0	0	992199518	32970577.39	0	0	32970577.39	136712047.31	43955103.67	0	59705621.01	0	66021900.02	553158888.59	1692594.81	0	0	595421397.45	661443297.47	66.6643437605459	66.6630086184871
"899"	"BG"	"Bulgaria"	"CF"	2026	2206897416	20507335	0	0	2186390081	64248261.45	0	0	64248261.45	416176999.71	99820307.1	0	266280768.07	0	114324185.99	1972245587.91	0	0	0	2072065895.01	2186390081	100	99.0707617467254
"900"	"CY"	"Cyprus"	"TOTAL"	2026	626070756	0	0	0	626070756	28087244.59	0	0	28087244.59	103654139.55	51368236.46	0	48451165.2	0	31921982.48	542780537.06	0	0	0	594148773.52	626070756	100	100
"901"	"SK"	"Slovakia"	"TOTAL"	2026	11305289748	147316596	0	0	11157973152	412810467.27	0	0	412810467.27	2088030937.56	444292054.09	6822341.97	1353738221.72	0	695988787.05	10093319736.99	101674712.82	0	1359962.48	10444119382.71	11140108169.76	99.839890435327	98.538900090825
"902"	"GR"	"Greece"	"TOTAL"	2026	13756155295	0	0	0	13756155295	670274028.59	750910432.28	0	1421184460.87	2038790263.57	928733218.44	0	1235775954.7	0	1295465551.3	11687603001.11	155646475.87	0	0	12460689743.68	13756155294.98	99.9999999998546	99.9999999998546
"903"	"TC"	"Interreg"	"TOTAL"	2026	9435470395.15	10176032	5676635.82	19536976.33	9400080751	277009954.59	0	0	277009954.59	1788194898.31	699836975.53	144346372.53	941609397.3	19536976.33	259875131.21	8183169837.89	12084792.93	0	583939.51	9015852332.53	9295264440.07	98.8849424413843	98.5140544222144
"904"	"SE"	"Sweden"	"ERDF"	2016	944998230	0	0	0	944998230	26648949	0	0	26648949	17765966	0	0	0	0	44414915	44236589.52	0	0	0	44236589.52	88651504.52	9.38112916042182	9.38112916042182
"905"	"NL"	"Netherlands"	"ERDF"	2026	791056051	0	0	0	791056051	47368625.97	0	0	47368625.97	109683026.38	41798836.82	0	60311237.05	0	54941578.48	687478677.62	0	0	0	729277514.44	784219092.92	99.135717618068	99.135717618068
"906"	"UK"	"United Kingdom"	"TOTAL"	2026	5854453488.34	58022554	2790026.34	0	5793640908	164281476.84	0	0	164281476.84	1075492112.92	409456628.87	146884807.38	581614373.32	0	101817780.19	5147122309.69	17075633.36	0	0	5686388112.58	5788205892.77	99.9061899880178	98.8684239151965
"907"	"BG"	"Bulgaria"	"ERDF"	2026	3898489118	13994912	0	0	3884494206	184648313.67	0	0	184648313.67	661743613.76	247026063.07	0	364090812.5	0	235275051.86	3411528252.21	27215466.14	0	0	3631338849.14	3866613901	99.5397005619835	99.1823699891113
"908"	"SE"	"Sweden"	"TOTAL"	2023	1008026234	19872	0	0	1008006362	35269351.35	0	0	35269351.35	177032301.79	67389464.08	0	76275378.2	0	68636810.86	787758611.22	1692594.81	0	0	853455480.49	922092291.35	91.4768324993964	91.475029145918
"909"	"ES"	"Spain"	"TOTAL"	2016	19408883778	0	0	0	19408883778	638552276.36	0	0	638552276.36	364887015.02	0	0	0	0	1003439291.38	646955081.69	0	0	0	646955081.69	1650394373.07	8.50329360486318	8.50329360486318
"910"	"ES"	"Spain"	"ERDF"	2026	29101440102	2111646	0	0	29099328456	1684672125.11	0	21531983.27	1663140141.84	3957618233.99	1031335483.61	0	2542001698.91	0	2047421193.31	26164064280.75	303519789.95	0	0	26891879974.41	28939301167.72	99.4500653562436	99.4428491039904
"911"	"EE"	"Estonia"	"TOTAL"	2026	3112781061	0	0	0	3112781061	155343307.29	0	0	155343307.29	548319872.3	129197423.35	0	356673815.12	0	217791941.12	2971046041.66	205254345.13	0	0	2894989119.88	3112781061	100	100
"912"	"BE"	"Belgium"	"TOTAL"	2025	1077621364	0	0	0	1077621364	42388295.19	0	0	42388295.19	180713574.01	50464972.27	0	110172408.92	0	62464488.01	941179287.42	2389164.25	0	0	989255095.44	1051719583.45	97.596393184536	97.596393184536
"913"	"ES"	"Spain"	"TOTAL"	2026	29101440102	2111646	0	0	29099328456	1684672125.11	0	21531983.27	1663140141.84	3957618233.99	1031335483.61	0	2542001698.91	0	2047421193.31	26164064280.75	303519789.95	0	0	26891879974.41	28939301167.72	99.4500653562436	99.4428491039904
"914"	"DE"	"Germany"	"ERDF"	2026	12288549758.25	0	344746.25	0	12288205012	480506440.17	0	0	480506440.17	2057845907.31	683454013.46	64452970.7	1182697512.9	0	607747850.42	10894833090.94	7045175.33	0	0	11635694899.77	12243442750.19	99.6357298582967	99.6329346509769
"915"	"HU"	"Hungary"	"TOTAL"	2026	17406099478	0	0	0	17406099478	708633792.81	0	0	708633792.81	2955716095.18	461915261.12	0	2193689413.77	0	1008745213.1	17628370084.45	1692931080.67	0	0	16397354264.9	17406099478	100	100
"916"	"IE"	"Ireland"	"ERDF"	2025	470775098	0	0	0	470775098	13462894.8	0	0	13462894.8	74779010.11	19729107.21	0	47836199.41	0	20676598.29	441174693.99	10805301.49	0	0	450098499.71	470775098	100	100
"917"	"FR"	"France"	"ERDF"	2024	11135137721	1961802	0	0	11133175919	547565185.23	0	0	547565185.23	1679878237.13	579202489.08	0	979058307.18	0	669182626.1	9612723173.16001	44659534.47	0	0	10147266127.77	10816448753.87	97.1551049993787	97.1379880957469
"918"	"MT"	"Malta"	"ERDF"	2025	379516282	0	0	0	379516282	10838782.71	0	0	10838782.71	69509021.52	23014093.27	0	41589037.22	0	15744673.74	332509207.94	0	0	0	355523301.21	371267974.95	97.8266263026892	97.8266263026892
"919"	"SE"	"Sweden"	"TOTAL"	2026	1013298307.75	19872	3882171.5	1389902.25	1008006362	35269351.35	0	0	35269351.35	177032301.79	79331844.15	26317248.51	86056740.85	1389902.25	19205917.38	874422545.91	1692594.81	0	0	978379043.76	998974863.39	99.1040236500015	98.5864533424708
"920"	"IE"	"Ireland"	"TOTAL"	2025	470775098	0	0	0	470775098	13462894.8	0	0	13462894.8	74779010.11	19729107.21	0	47836199.41	0	20676598.29	441174693.99	10805301.49	0	0	450098499.71	470775098	100	100
"921"	"CY"	"Cyprus"	"ERDF"	2026	367214564	0	0	0	367214564	17952476.59	0	0	17952476.59	52497936.28	29983049.23	0	22939491.7	0	17527871.94	319703642.83	0	0	0	349686692.06	367214564	100	100
"922"	"HR"	"Croatia"	"TOTAL"	2025	6963812572	0	0	0	6963812572	198770284.23	0	0	198770284.23	1266783880.99	402129310.17	0	739854375.63	0	323570479.42	6230111119.56	529271.71	0	0	6631711158.02	6955281637.44	99.8774962066857	99.8774962066857
"923"	"CZ"	"Czechia"	"TOTAL"	2026	18992194650	0	0	0	18992194650	888878365.11	0	0	888878365.11	3383441395.18	1401863686.07	196558839.65	1761284206.24	0	912613028.33	16495374197.46	16009566.99	0	0	18077787156.19	18990400184.52	99.9905515633497	99.9905515633497
"924"	"IT"	"Italy"	"TOTAL"	2026	27724375038	0	0	0	27724375038	1292490104.31	0	0	1292490104.31	4014671776.99	1433353042.05	45736188.86	2371655178.06	0	1456417472.33	24857795315.36	161827751.07	0	0	26175056795.2	27631474267.53	99.6649130220513	99.6649130220513
"925"	"RO"	"Romania"	"ERDF"	2025	12376137876	0	0	0	12376137876	868546842.66	0	0	868546842.66	2048832083.97	618860125.77	0	1203387833.42	0	1095130967.44	10743552665.25	97679377	0	0	11264733414.02	12359864381.46	99.8685091043502	99.8685091043502
"926"	"SK"	"Slovakia"	"TOTAL"	2021	11264407758	147316596	0	0	11117091162	346544129.31	0	0	346544129.31	1647446542.95	139691996.62	0	993086439.96	0	861212235.68	4955006807.96	78699176.84	0	0	5015999627.74	5877211863.42	52.8664538032148	52.1750631696193
"927"	"AT"	"Austria"	"TOTAL"	2026	693957603	0	0	0	693957603	70841758.02	0	0	70841758.02	107049609.22	17400521.85	0	75961071.52	0	84529773.87	593680448.89	2472311.1	0	0	608608659.64	693138433.51	99.8819568390837	99.8819568390837
"928"	"NL"	"Netherlands"	"ERDF"	2025	791056051	0	0	0	791056051	47368625.97	0	0	47368625.97	109683026.38	41798836.82	0	60311237.05	0	54941578.48	687478677.62	0	0	0	729277514.44	784219092.92	99.135717618068	99.135717618068
"929"	"CZ"	"Czechia"	"ERDF"	2026	12848248555	0	0	0	12848248555	712376659.74	0	0	712376659.74	2248771495.71	923580532.16	37210057.17	1184607777.42	0	815749788.7	11085923278.48	16009566.99	0	0	12030704300.82	12846454089.52	99.9860333844546	99.9860333844546
"930"	"EU28"	"EU28"	"CF"	2026	61455291487	20507335	0	0	61434784152	1899468771.83	213640339.36	0	2113109111.19	11513212152.62	3820369154.86	188775706.73	6448250457.89	0	3168925944.33	55481636833.38	1224923487.3	0	0	58265858207.67	61434784152	100	99.9666304812754
"931"	"SE"	"Sweden"	"ERDF"	2023	1008026234	19872	0	0	1008006362	35269351.35	0	0	35269351.35	177032301.79	67389464.08	0	76275378.2	0	68636810.86	787758611.22	1692594.81	0	0	853455480.49	922092291.35	91.4768324993964	91.475029145918
"932"	"SK"	"Slovakia"	"CF"	2026	3991001427	0	0	0	3991001427	117544690.23	0	0	117544690.23	758615800.8	181965515.68	0	464003290.32	0	230191685.03	3620073765.29	41229539	0	0	3760809741.97	3991001427	100	100
"933"	"MT"	"Malta"	"TOTAL"	2026	584508391	0	0	0	584508391	16979110.17	0	0	16979110.17	108928327.68	37777580.32	0	63931040.4	0	24198817.13	514283686.5	0	0	0	552061266.82	576260083.95	98.5888471103232	98.5888471103232
"934"	"HU"	"Hungary"	"CF"	2026	6025427012	0	0	0	6025427012	169917041.73	0	0	169917041.73	1057978376.07	53406714.64	0	847683077.75	0	326805625.41	6593570710.92	948356038.97	0	0	5698621386.59	6025427012	100	100
"935"	"MT"	"Malta"	"TOTAL"	2025	584508391	0	0	0	584508391	16979110.17	0	0	16979110.17	108928327.68	37777580.32	0	63931040.4	0	24198817.13	514283686.5	0	0	0	552061266.82	576260083.95	98.5888471103232	98.5888471103232
"936"	"SK"	"Slovakia"	"ERDF"	2025	7314288321	147316596	0	0	7166971725	295265777.04	0	0	295265777.04	1329415136.76	262326538.41	6822341.97	889734931.4	0	465797102.02	6473245971.7	60445173.82	0	1359962.48	6683309640.74	7149106742.76	99.7507317884668	97.7416589148428
"937"	"HR"	"Croatia"	"CF"	2025	2130755644	0	0	0	2130755644	72179196.39	0	0	72179196.39	442600038.64	104622638.44	0	274547911.92	0	135608684.67	1891053592.6	529271.71	0	0	1995146959.33	2130755644	100	100
"938"	"EE"	"Estonia"	"CF"	2026	1061534677	0	0	0	1061534677	30267677.07	0	0	30267677.07	196418673.35	38388453.92	0	134009249.76	0	54288646.74	1131046478.85	162188902.51	0	0	1007246030.26	1061534677	100	100
"939"	"BG"	"Bulgaria"	"TOTAL"	2025	6105386534	34502247	0	0	6070884287	248896575.12	0	0	248896575.12	1077920613.47	346846370.17	0	630371580.57	0	349599237.85	5383773840.12	27215466.14	0	0	5703404744.15	6053003982	99.7054744555371	99.1420272621842
"940"	"RO"	"Romania"	"TOTAL"	2025	18911134853	0	0	0	18911134853	1129302729.02	0	0	1129302729.02	3304685776.16	941664619.38	0	1962973200.26	0	1529350685.54	16521525430.54	97679377	0	0	17365510672.92	18894861358.46	99.9139475517123	99.9139475517123
"941"	"SK"	"Slovakia"	"TOTAL"	2025	11305289748	147316596	0	0	11157973152	412810467.27	0	0	412810467.27	2088030937.56	444292054.09	6822341.97	1353738221.72	0	695988787.05	10093319736.99	101674712.82	0	1359962.48	10444119382.71	11140108169.76	99.839890435327	98.538900090825
"942"	"PL"	"Poland"	"ERDF"	2026	42163894000	0	0	0	42163894000	1840696225.92	0	0	1840696225.92	7392283352.57	3153314743.6	54304329.77	3954220723.42	0	2071139781.7	37061416478.63	176281333.7	0	0	40092754218.3	42163894000	100	100
"943"	"BG"	"Bulgaria"	"ERDF"	2025	3898489118	13994912	0	0	3884494206	184648313.67	0	0	184648313.67	661743613.76	247026063.07	0	364090812.5	0	235275051.86	3411528252.21	27215466.14	0	0	3631338849.14	3866613901	99.5397005619835	99.1823699891113
"944"	"HR"	"Croatia"	"ERDF"	2025	4833056928	0	0	0	4833056928	126591087.84	0	0	126591087.84	824183842.35	297506671.73	0	465306463.71	0	187961794.75	4339057526.96	0	0	0	4636564198.69	4824525993.44	99.8234878113979	99.8234878113979
"945"	"NL"	"Netherlands"	"TOTAL"	2025	791056051	0	0	0	791056051	47368625.97	0	0	47368625.97	109683026.38	41798836.82	0	60311237.05	0	54941578.48	687478677.62	0	0	0	729277514.44	784219092.92	99.135717618068	99.135717618068
"946"	"BE"	"Belgium"	"ERDF"	2025	1077621364	0	0	0	1077621364	42388295.19	0	0	42388295.19	180713574.01	50464972.27	0	110172408.92	0	62464488.01	941179287.42	2389164.25	0	0	989255095.44	1051719583.45	97.596393184536	97.596393184536
"947"	"FR"	"France"	"TOTAL"	2024	11135137721	1961802	0	0	11133175919	547565185.23	0	0	547565185.23	1679878237.13	579202489.08	0	979058307.18	0	669182626.1	9612723173.16001	44659534.47	0	0	10147266127.77	10816448753.87	97.1551049993787	97.1379880957469
"948"	"IE"	"Ireland"	"ERDF"	2026	470775098	0	0	0	470775098	13462894.8	0	0	13462894.8	74779010.11	19729107.21	0	47836199.41	0	20676598.29	441174693.99	10805301.49	0	0	450098499.71	470775098	100	100
"949"	"DK"	"Denmark"	"ERDF"	2026	362448078	0	0	0	362448078	24291911.58	0	0	24291911.58	46826289	11415134.16	0	30002164.72	0	29700901.7	323654756.92	2322714.78	0	0	332747176.3	362448078	100	100
"950"	"BE"	"Belgium"	"ERDF"	2026	1077621364	0	0	0	1077621364	42388295.19	0	0	42388295.19	180713574.01	50464972.27	0	110172408.92	0	62464488.01	941179287.42	2389164.25	0	0	989255095.44	1051719583.45	97.596393184536	97.596393184536
"951"	"HR"	"Croatia"	"CF"	2026	2130755644	0	0	0	2130755644	72179196.39	0	0	72179196.39	442600038.64	104622638.44	0	274547911.92	0	135608684.67	1891053592.6	529271.71	0	0	1995146959.33	2130755644	100	100
"952"	"LT"	"Lithuania"	"TOTAL"	2026	5723616814	0	0	0	5723616814	263020536.87	0	0	263020536.87	1028318055.34	275800842.88	0	680765217.17	0	334772532.16	5136387846.01	23344407.05	0	0	5388844281.84	5723616814	100	100
"953"	"CZ"	"Czechia"	"CF"	2026	6143946095	0	0	0	6143946095	176501705.37	0	0	176501705.37	1134669899.47	478283153.91	159348782.48	576676428.82	0	96863239.63	5409450918.98	0	0	0	6047082855.37	6143946095	100	100
"954"	"FR"	"France"	"TOTAL"	2023	11135137721	1961802	0	0	11133175919	547565185.23	0	0	547565185.23	1679878237.13	411363234.88	0	906532535.84	0	909547651.64	8071350316.9	36900423.85	0	0	8445813127.93	9355360779.57	84.0313747634584	84.0165700144554
"955"	"PL"	"Poland"	"TOTAL"	2026	65303824966	0	0	0	65303824966	2495161516.89	0	0	2495161516.89	11671147995.65	5231502900.05	83731254.02	5777443019.25	0	3073632339.22	57091433457.02	176474984.31	0	0	62230192626.78	65303824966	100	100
"956"	"UK"	"United Kingdom"	"ERDF"	2026	5854453488.34	58022554	2790026.34	0	5793640908	164281476.84	0	0	164281476.84	1075492112.92	409456628.87	146884807.38	581614373.32	0	101817780.19	5147122309.69	17075633.36	0	0	5686388112.58	5788205892.77	99.9061899880178	98.8684239151965
"957"	"SE"	"Sweden"	"TOTAL"	2021	992219390	19872	0	0	992199518	32970577.39	0	0	32970577.39	136712047.31	43955103.67	0	59705621.01	0	66021900.02	553158888.59	1692594.81	0	0	595421397.45	661443297.47	66.6643437605459	66.6630086184871
"958"	"IT"	"Italy"	"ERDF"	2026	27724375038	0	0	0	27724375038	1292490104.31	0	0	1292490104.31	4014671776.99	1433353042.05	45736188.86	2371655178.06	0	1456417472.33	24857795315.36	161827751.07	0	0	26175056795.2	27631474267.53	99.6649130220513	99.6649130220513
"959"	"SI"	"Slovenia"	"CF"	2026	914046895	0	0	0	914046895	25249444.26	0	0	25249444.26	167875392.35	42326503.67	0	112185585.64	0	38612747.3	840721737.67	7614093.64	0	0	875434147.7	914046895	100	100
"960"	"LV"	"Latvia"	"TOTAL"	2026	3912472250	0	0	0	3912472250	133257057.36	0	0	133257057.36	701225946.38	84805267.26	0	517444876.99	0	232232859.49	3598524388.93	3090265.68	0	0	3680239390.51	3912472250	100	100
"961"	"EE"	"Estonia"	"ERDF"	2026	2051246384	0	0	0	2051246384	125075630.22	0	0	125075630.22	351901198.95	90808969.43	0	222664565.36	0	163503294.38	1839999562.81	43065442.62	0	0	1887743089.62	2051246384	100	100
"962"	"HR"	"Croatia"	"ERDF"	2026	4833056928	0	0	0	4833056928	126591087.84	0	0	126591087.84	824183842.35	297506671.73	0	465306463.71	0	187961794.75	4339057526.96	0	0	0	4636564198.69	4824525993.44	99.8234878113979	99.8234878113979
"963"	"FR"	"France"	"TOTAL"	2026	11135137721	1961802	0	0	11133175919	547565185.23	0	0	547565185.23	1679878237.13	579202489.08	24891131.93	979058307.18	0	644291494.17	9844629436.86	44659534.47	0	0	10404063523.4	11048355017.57	99.2381248437363	99.2206409511547
"964"	"TC"	"Interreg"	"ERDF"	2026	9435470395.15	10176032	5676635.82	19536976.33	9400080751	277009954.59	0	0	277009954.59	1788194898.31	699836975.53	144346372.53	941609397.3	19536976.33	259875131.21	8183169837.89	12084792.93	0	583939.51	9015852332.53	9295264440.07	98.8849424413843	98.5140544222144
"965"	"FR"	"France"	"ERDF"	2026	11135137721	1961802	0	0	11133175919	547565185.23	0	0	547565185.23	1679878237.13	579202489.08	24891131.93	979058307.18	0	644291494.17	9844629436.86	44659534.47	0	0	10404063523.4	11048355017.57	99.2381248437363	99.2206409511547
"966"	"PL"	"Poland"	"TOTAL"	2025	65303824966	0	0	0	65303824966	2495161516.89	0	0	2495161516.89	11671147995.65	5231502900.05	83731254.02	5777443019.25	0	3073632339.22	57091433457.02	176474984.31	0	0	62230192626.78	65303824966	100	100
"967"	"PL"	"Poland"	"ERDF"	2025	42163894000	0	0	0	42163894000	1840696225.92	0	0	1840696225.92	7392283352.57	3153314743.6	54304329.77	3954220723.42	0	2071139781.7	37061416478.63	176281333.7	0	0	40092754218.3	42163894000	100	100
"968"	"NL"	"Netherlands"	"TOTAL"	2026	791056051	0	0	0	791056051	47368625.97	0	0	47368625.97	109683026.38	41798836.82	0	60311237.05	0	54941578.48	687478677.62	0	0	0	729277514.44	784219092.92	99.135717618068	99.135717618068
"969"	"PT"	"Portugal"	"ERDF"	2026	12707935176	0	0	0	12707935176	553394273.89	0	0	553394273.89	1943225820.81	880685176.96	0	915799293.89	0	700135623.85	11144410716.29	17296341.1	0	0	12007799552.15	12707935176	100	100
"970"	"HR"	"Croatia"	"TOTAL"	2026	6963812572	0	0	0	6963812572	198770284.23	0	0	198770284.23	1266783880.99	402129310.17	0	739854375.63	0	323570479.42	6230111119.56	529271.71	0	0	6631711158.02	6955281637.44	99.8774962066857	99.8774962066857
"971"	"PT"	"Portugal"	"TOTAL"	2026	15488985400	0	0	0	15488985400	647545591.08	0	0	647545591.08	2466518820.76	1103445665.65	0	1162864630.01	0	847754116.18	13555081959.27	17296341.1	0	0	14641231283.82	15488985400	100	100
"972"	"SE"	"Sweden"	"ERDF"	2026	1013298307.75	19872	3882171.5	1389902.25	1008006362	35269351.35	0	0	35269351.35	177032301.79	79331844.15	26317248.51	86056740.85	1389902.25	19205917.38	874422545.91	1692594.81	0	0	978379043.76	998974863.39	99.1040236500015	98.5864533424708
"973"	"DE"	"Germany"	"ERDF"	2025	12288549758.25	0	344746.25	0	12288205012	480506440.17	0	0	480506440.17	2057845907.31	683454013.46	64452970.7	1182697512.9	0	607747850.42	10894833090.94	7045175.33	0	0	11635694899.77	12243442750.19	99.6357298582967	99.6329346509769
"974"	"FR"	"France"	"TOTAL"	2025	11135137721	1961802	0	0	11133175919	547565185.23	0	0	547565185.23	1679878237.13	579202489.08	24891131.93	979058307.18	0	644291494.17	9844629436.86	44659534.47	0	0	10404063523.4	11048355017.57	99.2381248437362	99.2206409511547
"975"	"FR"	"France"	"ERDF"	2025	11135137721	1961802	0	0	11133175919	547565185.23	0	0	547565185.23	1679878237.13	579202489.08	24891131.93	979058307.18	0	644291494.17	9844629436.86	44659534.47	0	0	10404063523.4	11048355017.57	99.2381248437362	99.2206409511547
"976"	"DE"	"Germany"	"TOTAL"	2025	12288549758.25	0	344746.25	0	12288205012	480506440.17	0	0	480506440.17	2057845907.31	683454013.46	64452970.7	1182697512.9	0	607747850.42	10894833090.94	7045175.33	0	0	11635694899.77	12243442750.19	99.6357298582967	99.6329346509769
"977"	"ES"	"Spain"	"ERDF"	2025	29101440102	2111646	0	0	29099328456	1684672125.11	0	21531983.27	1663140141.84	3957618233.99	1031335483.61	0	2542001698.91	0	2047421193.31	26164064280.75	303519789.95	0	0	26891879974.41	28939301167.72	99.4500653562436	99.4428491039904
"978"	"ES"	"Spain"	"TOTAL"	2025	29101440102	2111646	0	0	29099328456	1684672125.11	0	21531983.27	1663140141.84	3957618233.99	1031335483.61	0	2542001698.91	0	2047421193.31	26164064280.75	303519789.95	0	0	26891879974.41	28939301167.72	99.4500653562436	99.4428491039904
"979"	"TC"	"Interreg"	"TOTAL"	2020	9410256783	1306860	0	0	9408949923	277009954.59	0	0	277009954.59	1236967512.08	149165332.32	0	635154107.2	0	729658027.15	3449537777.36	663480.35	0	0	3598039629.33	4327697656.48	45.9955435186346	45.9891558357702
"980"	"TC"	"Interreg"	"ERDF"	2020	9410256783	1306860	0	0	9408949923	277009954.59	0	0	277009954.59	1236967512.08	149165332.32	0	635154107.2	0	729658027.15	3449537777.36	663480.35	0	0	3598039629.33	4327697656.48	45.9955435186346	45.9891558357702
"981"	"IT"	"Italy"	"TOTAL"	2023	27724375038	0	0	0	27724375038	1292490104.31	0	0	1292490104.31	4014671776.99	1035905221.2	0	2135601408.57	0	2135655251.53	19497557624.74	152259155.47	0	0	20381203690.47	22516858942	81.216831438536	81.216831438536
